12,1,1,3,4,2,0,0,2,0,0,1
12,1,2,3,2,1,0,0,1,0,0,1
12,1,3,2,2,3,0,0,3,0,0,1
12,1,4,3,4,3,0,0,3,0,0,1
12,1,5,4,2,2,0,0,2,0,0,1
12,1,6,2,4,1,0,0,1,0,0,1
12,1,7,2,1,3,0,0,3,0,0,1
12,1,8,1,2,1,0,0,1,0,0,1
12,1,9,1,4,4,0,0,4,0,0,1
12,1,10,1,1,4,0,0,4,0,0,1
12,1,11,1,1,3,0,0,3,0,0,1
12,1,12,1,3,1,0,0,1,0,0,1
12,1,13,4,3,3,0,0,3,0,0,1
12,1,14,3,2,4,0,0,4,0,0,1
12,1,15,2,1,2,0,0,2,0,0,1
12,1,16,1,3,2,0,0,2,0,0,1
12,1,17,3,2,2,0,0,2,0,0,1
12,1,18,1,2,4,0,0,4,0,0,1
12,1,19,1,3,4,0,0,4,0,0,1
12,1,20,1,1,2,0,0,1,0,0,0
12,1,21,2,4,4,0,0,4,0,0,1
12,1,22,1,1,1,0,0,1,0,0,1
12,1,23,4,4,4,0,0,4,0,0,1
12,1,24,1,3,3,0,0,3,0,0,1
12,1,25,4,3,4,0,0,4,0,0,1
12,1,26,1,4,3,0,0,3,0,0,1
12,1,27,2,1,1,0,0,1,0,0,1
12,1,28,2,4,4,0,0,4,0,0,1
12,1,29,2,4,1,0,0,1,0,0,1
12,1,30,3,2,2,0,0,2,0,0,1
12,1,31,4,4,3,0,0,3,0,0,1
12,1,32,3,1,4,0,0,4,0,0,1
12,1,33,3,1,2,0,0,2,0,0,1
12,1,34,3,1,2,0,0,2,0,0,1
12,1,35,2,3,4,0,0,4,0,0,1
12,1,36,3,3,3,0,0,3,0,0,1
12,1,37,4,2,1,0,0,1,0,0,1
12,1,38,2,2,1,0,0,1,0,0,1
12,1,39,1,1,3,0,0,3,0,0,1
12,1,40,2,1,1,0,0,1,0,0,1
12,1,41,3,2,1,0,0,1,0,0,1
12,1,42,1,2,3,0,0,3,0,0,1
12,1,43,1,4,2,0,0,2,0,0,1
12,1,44,1,4,3,0,0,3,0,0,1
12,1,45,3,4,4,0,0,4,0,0,1
12,1,46,2,2,2,0,0,2,0,0,1
12,1,47,4,2,1,0,0,1,0,0,1
12,1,48,1,4,2,0,0,2,0,0,1
12,1,49,1,4,3,0,0,3,0,0,1
12,1,50,3,2,2,0,0,2,0,0,1
12,1,51,3,3,2,0,0,2,0,0,1
12,1,52,4,2,4,0,0,4,0,0,1
12,1,53,1,4,3,0,0,3,0,0,1
12,1,54,2,2,3,0,0,3,0,0,1
12,1,55,4,3,4,0,0,4,0,0,1
12,1,56,3,4,3,0,0,3,0,0,1
12,1,57,4,3,3,0,0,3,0,0,1
12,1,58,4,3,3,0,0,3,0,0,1
12,1,59,1,3,3,0,0,3,0,0,1
12,1,60,4,1,4,0,0,4,0,0,1
12,1,61,1,4,1,0,0,1,0,0,1
12,1,62,3,1,4,0,0,4,0,0,1
12,1,63,3,3,2,0,0,2,0,0,1
12,1,64,2,2,4,0,0,4,0,0,1
12,1,65,2,3,2,0,0,2,0,0,1
12,1,66,2,3,4,0,0,4,0,0,1
12,1,67,1,2,1,0,0,1,0,0,1
12,1,68,2,2,2,0,0,2,0,0,1
12,1,69,3,2,2,0,0,2,0,0,1
12,1,70,4,3,1,0,0,1,0,0,1
12,1,71,4,4,2,0,0,2,0,0,1
12,1,72,1,2,2,0,0,2,0,0,1
12,1,73,2,3,3,0,0,3,0,0,1
12,1,74,3,4,1,0,0,1,0,0,1
12,1,75,2,3,1,0,0,1,0,0,1
12,1,76,3,1,4,0,0,4,0,0,1
12,1,77,1,2,2,0,0,2,0,0,1
12,1,78,4,4,2,0,0,2,0,0,1
12,1,79,4,3,2,0,0,2,0,0,1
12,1,80,2,3,2,0,0,2,0,0,1
12,1,81,3,3,2,0,0,2,0,0,1
12,1,82,4,1,3,0,0,3,0,0,1
12,1,83,2,3,1,0,0,1,0,0,1
12,1,84,4,1,3,0,0,3,0,0,1
12,1,85,1,3,1,0,0,1,0,0,1
12,1,86,2,4,3,0,0,3,0,0,1
12,1,87,2,1,2,0,0,2,0,0,1
12,1,88,1,4,4,0,0,4,0,0,1
12,1,89,3,4,3,0,0,3,0,0,1
12,1,90,3,4,2,0,0,2,0,0,1
12,1,91,2,3,1,0,0,1,0,0,1
12,1,92,4,4,3,0,0,3,0,0,1
12,1,93,3,3,2,0,0,2,0,0,1
12,1,94,4,1,2,0,0,2,0,0,1
12,1,95,2,3,3,0,0,3,0,0,1
12,1,96,4,4,3,0,0,3,0,0,1
12,1,97,2,4,1,0,0,1,0,0,1
12,1,98,2,1,2,0,0,2,0,0,1
12,1,99,2,1,3,0,0,3,0,0,1
12,1,100,4,1,2,0,0,2,0,0,1
12,1,101,1,2,3,0,0,3,0,0,1
12,1,102,2,4,4,0,0,4,0,0,1
12,1,103,2,3,4,0,0,4,0,0,1
12,1,104,3,4,1,0,0,1,0,0,1
12,1,105,2,2,3,0,0,3,0,0,1
12,1,106,3,3,2,0,0,2,0,0,1
12,1,107,2,4,1,0,0,1,0,0,1
12,1,108,2,2,1,0,0,1,0,0,1
12,1,109,4,2,1,0,0,1,0,0,1
12,1,110,2,1,2,0,0,2,0,0,1
12,1,111,1,1,1,0,0,1,0,0,1
12,1,112,3,3,1,0,0,1,0,0,1
12,1,113,1,3,2,0,0,2,0,0,1
12,1,114,4,2,3,0,0,3,0,0,1
12,1,115,2,2,3,0,0,3,0,0,1
12,1,116,3,1,2,0,0,2,0,0,1
12,1,117,4,1,2,0,0,2,0,0,1
12,1,118,1,1,1,0,0,1,0,0,1
12,1,119,1,4,1,0,0,1,0,0,1
12,1,120,4,4,2,0,0,2,0,0,1
12,1,121,1,1,3,0,0,3,0,0,1
12,1,122,3,2,4,0,0,4,0,0,1
12,1,123,1,1,4,0,0,4,0,0,1
12,1,124,1,2,1,0,0,1,0,0,1
12,1,125,3,1,2,0,0,2,0,0,1
12,1,126,1,2,2,0,0,2,0,0,1
12,1,127,4,4,2,0,0,2,0,0,1
12,1,128,3,3,4,0,0,4,0,0,1
12,1,129,4,3,4,0,0,4,0,0,1
12,1,130,4,3,2,0,0,2,0,0,1
12,1,131,4,4,1,0,0,1,0,0,1
12,1,132,2,4,1,0,0,1,0,0,1
12,1,133,1,3,3,0,0,3,0,0,1
12,1,134,3,1,1,0,0,1,0,0,1
12,1,135,2,4,1,0,0,1,0,0,1
12,1,136,4,2,3,0,0,3,0,0,1
12,1,137,3,1,2,0,0,2,0,0,1
12,1,138,4,4,4,0,0,4,0,0,1
12,1,139,4,1,4,0,0,4,0,0,1
12,1,140,4,2,4,0,0,4,0,0,1
12,1,141,3,3,1,0,0,1,0,0,1
12,1,142,4,2,4,0,0,4,0,0,1
12,1,143,1,2,1,0,0,1,0,0,1
12,1,144,1,3,1,0,0,1,0,0,1
12,1,145,4,1,2,0,0,2,0,0,1
12,1,146,4,1,3,0,0,3,0,0,1
12,1,147,3,3,3,0,0,3,0,0,1
12,1,148,4,2,2,0,0,2,0,0,1
12,1,149,2,1,2,0,0,2,0,0,1
12,1,150,2,1,3,0,0,3,0,0,1
12,1,151,4,3,4,0,0,4,0,0,1
12,1,152,3,4,2,0,0,2,0,0,1
12,1,153,3,1,1,0,0,1,0,0,1
12,1,154,3,2,3,0,0,3,0,0,1
12,1,155,4,1,4,0,0,4,0,0,1
12,1,156,2,2,4,3,1,4,0,0,1
12,1,157,3,2,4,3,2,4,1,1,1
12,1,158,1,3,1,1,3,1,1,1,1
12,1,159,1,1,4,1,1,4,1,1,1
12,1,160,3,4,4,3,4,3,1,1,0
13,1,1,2,4,1,0,0,1,0,0,1
13,1,2,4,2,1,0,0,2,0,0,0
13,1,3,2,1,2,0,0,3,0,0,0
13,1,4,1,1,1,0,0,1,0,0,1
13,1,5,3,2,2,0,0,2,0,0,1
13,1,6,3,4,2,0,0,2,0,0,1
13,1,7,1,4,3,0,0,3,0,0,1
13,1,8,1,1,3,0,0,3,0,0,1
13,1,9,3,1,3,0,0,3,0,0,1
13,1,10,1,3,2,0,0,2,0,0,1
13,1,11,1,4,4,0,0,4,0,0,1
13,1,12,2,3,3,0,0,3,0,0,1
13,1,13,3,3,1,0,0,1,0,0,1
13,1,14,1,2,3,0,0,3,0,0,1
13,1,15,2,2,3,0,0,3,0,0,1
13,1,16,1,1,3,0,0,3,0,0,1
13,1,17,3,3,4,0,0,4,0,0,1
13,1,18,4,2,1,0,0,1,0,0,1
13,1,19,4,4,4,0,0,4,0,0,1
13,1,20,2,2,1,0,0,1,0,0,1
13,1,21,1,2,2,0,0,2,0,0,1
13,1,22,4,2,2,0,0,2,0,0,1
13,1,23,2,2,3,0,0,3,0,0,1
13,1,24,4,4,3,0,0,3,0,0,1
13,1,25,1,1,1,0,0,1,0,0,1
13,1,26,1,3,2,0,0,2,0,0,1
13,1,27,4,3,2,0,0,2,0,0,1
13,1,28,1,2,2,0,0,2,0,0,1
13,1,29,3,4,1,0,0,1,0,0,1
13,1,30,1,3,3,0,0,3,0,0,1
13,1,31,4,4,2,0,0,2,0,0,1
13,1,32,2,1,2,0,0,2,0,0,1
13,1,33,2,1,1,0,0,1,0,0,1
13,1,34,1,2,1,0,0,1,0,0,1
13,1,35,4,3,2,0,0,2,0,0,1
13,1,36,2,2,3,0,0,3,0,0,1
13,1,37,3,1,1,0,0,1,0,0,1
13,1,38,4,3,4,0,0,4,0,0,1
13,1,39,4,4,4,0,0,4,0,0,1
13,1,40,3,2,3,0,0,3,0,0,1
13,1,41,1,4,3,0,0,3,0,0,1
13,1,42,4,2,2,0,0,2,0,0,1
13,1,43,4,1,1,0,0,1,0,0,1
13,1,44,2,1,2,0,0,2,0,0,1
13,1,45,3,3,3,0,0,3,0,0,1
13,1,46,4,4,2,0,0,2,0,0,1
13,1,47,4,3,2,0,0,2,0,0,1
13,1,48,4,4,3,0,0,3,0,0,1
13,1,49,2,1,4,0,0,4,0,0,1
13,1,50,4,2,4,0,0,4,0,0,1
13,1,51,1,3,3,0,0,3,0,0,1
13,1,52,2,4,1,0,0,1,0,0,1
13,1,53,2,1,4,0,0,3,0,0,0
13,1,54,3,3,4,0,0,4,0,0,1
13,1,55,3,1,2,0,0,2,0,0,1
13,1,56,1,4,4,0,0,4,0,0,1
13,1,57,3,2,4,0,0,4,0,0,1
13,1,58,4,2,2,0,0,2,0,0,1
13,1,59,2,2,3,0,0,3,0,0,1
13,1,60,2,3,3,0,0,3,0,0,1
13,1,61,1,3,2,0,0,2,0,0,1
13,1,62,1,1,1,0,0,1,0,0,1
13,1,63,2,3,4,0,0,4,0,0,1
13,1,64,4,1,4,0,0,4,0,0,1
13,1,65,3,3,2,0,0,2,0,0,1
13,1,66,1,3,1,0,0,1,0,0,1
13,1,67,1,2,3,0,0,3,0,0,1
13,1,68,2,2,1,0,0,1,0,0,1
13,1,69,4,2,2,0,0,2,0,0,1
13,1,70,4,3,3,0,0,3,0,0,1
13,1,71,3,3,4,0,0,4,0,0,1
13,1,72,1,1,1,0,0,1,0,0,1
13,1,73,3,1,4,0,0,4,0,0,1
13,1,74,2,4,2,0,0,2,0,0,1
13,1,75,3,4,4,0,0,4,0,0,1
13,1,76,1,2,2,0,0,2,0,0,1
13,1,77,4,4,3,0,0,3,0,0,1
13,1,78,2,3,1,0,0,1,0,0,1
13,1,79,3,1,1,0,0,4,0,0,0
13,1,80,2,2,2,0,0,2,0,0,1
13,1,81,4,1,1,0,0,1,0,0,1
13,1,82,2,2,3,0,0,3,0,0,1
13,1,83,4,3,3,0,0,3,0,0,1
13,1,84,2,4,2,0,0,2,0,0,1
13,1,85,4,3,1,0,0,1,0,0,1
13,1,86,2,3,4,0,0,4,0,0,1
13,1,87,2,4,3,0,0,3,0,0,1
13,1,88,4,1,2,0,0,2,0,0,1
13,1,89,3,1,3,0,0,4,0,0,0
13,1,90,3,3,1,0,0,1,0,0,1
13,1,91,1,1,1,0,0,1,0,0,1
13,1,92,3,3,3,0,0,3,0,0,1
13,1,93,4,4,3,0,0,3,0,0,1
13,1,94,3,1,3,0,0,3,0,0,1
13,1,95,3,3,1,0,0,1,0,0,1
13,1,96,2,3,4,0,0,4,0,0,1
13,1,97,2,3,1,0,0,1,0,0,1
13,1,98,3,4,2,0,0,2,0,0,1
13,1,99,4,4,3,0,0,3,0,0,1
13,1,100,2,2,3,0,0,3,0,0,1
13,1,101,2,4,2,0,0,2,0,0,1
13,1,102,2,1,4,0,0,4,0,0,1
13,1,103,4,3,4,0,0,4,0,0,1
13,1,104,1,4,3,0,0,3,0,0,1
13,1,105,1,3,2,0,0,2,0,0,1
13,1,106,3,2,4,0,0,4,0,0,1
13,1,107,1,4,3,0,0,3,0,0,1
13,1,108,1,4,2,0,0,2,0,0,1
13,1,109,1,4,1,0,0,1,0,0,1
13,1,110,1,2,2,0,0,2,0,0,1
13,1,111,4,2,3,0,0,3,0,0,1
13,1,112,1,4,1,0,0,1,0,0,1
13,1,113,4,2,4,0,0,2,0,0,0
13,1,114,4,1,4,0,0,4,0,0,1
13,1,115,4,1,3,0,0,3,0,0,1
13,1,116,3,4,1,0,0,1,0,0,1
13,1,117,4,4,2,0,0,2,0,0,1
13,1,118,4,1,2,0,0,2,0,0,1
13,1,119,2,3,2,0,0,2,0,0,1
13,1,120,3,2,4,0,0,4,0,0,1
13,1,121,3,4,4,0,0,4,0,0,1
13,1,122,3,4,3,0,0,3,0,0,1
13,1,123,3,2,2,0,0,2,0,0,1
13,1,124,2,4,4,0,0,4,0,0,1
13,1,125,1,1,3,0,0,3,0,0,1
13,1,126,4,1,3,0,0,3,0,0,1
13,1,127,2,4,4,0,0,4,0,0,1
13,1,128,4,2,4,0,0,4,0,0,1
13,1,129,3,3,1,0,0,1,0,0,1
13,1,130,2,1,1,0,0,1,0,0,1
13,1,131,2,1,2,0,0,4,0,0,0
13,1,132,3,1,2,0,0,2,0,0,1
13,1,133,3,2,2,0,0,2,0,0,1
13,1,134,3,4,3,0,0,3,0,0,1
13,1,135,2,4,4,0,0,4,0,0,1
13,1,136,1,3,3,0,0,3,0,0,1
13,1,137,4,1,3,0,0,3,0,0,1
13,1,138,1,4,1,0,0,1,0,0,1
13,1,139,1,1,4,0,0,4,0,0,1
13,1,140,2,3,4,0,0,4,0,0,1
13,1,141,3,1,1,0,0,1,0,0,1
13,1,142,4,1,3,0,0,3,0,0,1
13,1,143,2,3,4,0,0,4,0,0,1
13,1,144,1,3,1,0,0,1,0,0,1
13,1,145,4,3,4,0,0,4,0,0,1
13,1,146,1,2,4,0,0,4,0,0,1
13,1,147,3,1,2,0,0,2,0,0,1
13,1,148,3,2,4,0,0,4,0,0,1
13,1,149,1,2,4,0,0,4,0,0,1
13,1,150,2,2,1,0,0,1,0,0,1
13,1,151,1,3,1,0,0,1,0,0,1
13,1,152,4,3,4,0,0,4,0,0,1
13,1,153,1,1,2,0,0,2,0,0,1
13,1,154,2,4,4,0,0,4,0,0,1
13,1,155,3,2,1,0,0,1,0,0,1
13,1,156,3,4,4,1,1,2,0,0,0
13,1,157,3,4,4,3,4,4,1,1,1
13,1,158,2,1,4,2,4,4,1,0,1
13,1,159,3,2,3,3,2,3,1,1,1
13,1,160,1,2,2,1,2,2,1,1,1
14,1,1,4,1,4,0,0,4,0,0,1
14,1,2,3,1,3,0,0,3,0,0,1
14,1,3,3,2,4,0,0,4,0,0,1
14,1,4,2,4,1,0,0,1,0,0,1
14,1,5,1,2,1,0,0,1,0,0,1
14,1,6,3,1,3,0,0,3,0,0,1
14,1,7,1,2,3,0,0,3,0,0,1
14,1,8,2,1,3,0,0,3,0,0,1
14,1,9,1,3,3,0,0,3,0,0,1
14,1,10,4,2,1,0,0,1,0,0,1
14,1,11,3,3,4,0,0,4,0,0,1
14,1,12,1,3,3,0,0,3,0,0,1
14,1,13,4,4,4,0,0,4,0,0,1
14,1,14,3,3,3,0,0,3,0,0,1
14,1,15,3,1,4,0,0,4,0,0,1
14,1,16,4,3,1,0,0,1,0,0,1
14,1,17,1,3,4,0,0,4,0,0,1
14,1,18,2,3,3,0,0,3,0,0,1
14,1,19,3,3,1,0,0,1,0,0,1
14,1,20,2,1,3,0,0,3,0,0,1
14,1,21,3,4,3,0,0,3,0,0,1
14,1,22,1,2,4,0,0,4,0,0,1
14,1,23,4,3,3,0,0,3,0,0,1
14,1,24,3,3,2,0,0,2,0,0,1
14,1,25,1,1,3,0,0,3,0,0,1
14,1,26,2,2,2,0,0,2,0,0,1
14,1,27,3,1,3,0,0,3,0,0,1
14,1,28,2,1,3,0,0,3,0,0,1
14,1,29,1,2,3,0,0,3,0,0,1
14,1,30,2,3,1,0,0,1,0,0,1
14,1,31,2,2,1,0,0,1,0,0,1
14,1,32,2,1,2,0,0,2,0,0,1
14,1,33,2,3,4,0,0,4,0,0,1
14,1,34,3,2,2,0,0,2,0,0,1
14,1,35,2,2,2,0,0,2,0,0,1
14,1,36,4,1,3,0,0,3,0,0,1
14,1,37,1,4,3,0,0,3,0,0,1
14,1,38,4,1,4,0,0,4,0,0,1
14,1,39,1,4,1,0,0,1,0,0,1
14,1,40,4,2,1,0,0,1,0,0,1
14,1,41,3,1,4,0,0,4,0,0,1
14,1,42,3,1,4,0,0,4,0,0,1
14,1,43,1,1,2,0,0,2,0,0,1
14,1,44,1,3,3,0,0,3,0,0,1
14,1,45,2,4,3,0,0,3,0,0,1
14,1,46,1,2,2,0,0,2,0,0,1
14,1,47,1,1,1,0,0,1,0,0,1
14,1,48,3,2,3,0,0,3,0,0,1
14,1,49,4,3,3,0,0,3,0,0,1
14,1,50,1,4,3,0,0,3,0,0,1
14,1,51,1,3,4,0,0,4,0,0,1
14,1,52,4,1,2,0,0,2,0,0,1
14,1,53,1,1,3,0,0,3,0,0,1
14,1,54,1,2,3,0,0,3,0,0,1
14,1,55,2,2,1,0,0,1,0,0,1
14,1,56,1,4,4,0,0,4,0,0,1
14,1,57,4,2,1,0,0,1,0,0,1
14,1,58,2,4,2,0,0,2,0,0,1
14,1,59,2,2,3,0,0,3,0,0,1
14,1,60,3,2,4,0,0,4,0,0,1
14,1,61,2,1,1,0,0,1,0,0,1
14,1,62,3,2,4,0,0,4,0,0,1
14,1,63,3,4,1,0,0,1,0,0,1
14,1,64,2,2,4,0,0,4,0,0,1
14,1,65,3,2,4,0,0,4,0,0,1
14,1,66,1,1,2,0,0,2,0,0,1
14,1,67,4,2,1,0,0,1,0,0,1
14,1,68,2,4,1,0,0,1,0,0,1
14,1,69,3,4,2,0,0,2,0,0,1
14,1,70,2,1,2,0,0,2,0,0,1
14,1,71,3,2,3,0,0,3,0,0,1
14,1,72,2,3,1,0,0,1,0,0,1
14,1,73,3,3,1,0,0,1,0,0,1
14,1,74,4,1,4,0,0,4,0,0,1
14,1,75,2,3,4,0,0,4,0,0,1
14,1,76,1,1,2,0,0,2,0,0,1
14,1,77,1,3,3,0,0,3,0,0,1
14,1,78,4,3,4,0,0,4,0,0,1
14,1,79,2,4,3,0,0,3,0,0,1
14,1,80,1,4,4,0,0,4,0,0,1
14,1,81,2,3,2,0,0,2,0,0,1
14,1,82,2,3,1,0,0,1,0,0,1
14,1,83,1,3,2,0,0,2,0,0,1
14,1,84,1,4,4,0,0,4,0,0,1
14,1,85,4,3,2,0,0,2,0,0,1
14,1,86,4,1,4,0,0,4,0,0,1
14,1,87,2,2,2,0,0,2,0,0,1
14,1,88,1,3,1,0,0,1,0,0,1
14,1,89,4,1,1,0,0,1,0,0,1
14,1,90,4,3,2,0,0,2,0,0,1
14,1,91,2,1,3,0,0,3,0,0,1
14,1,92,2,1,2,0,0,2,0,0,1
14,1,93,1,3,2,0,0,2,0,0,1
14,1,94,3,1,2,0,0,2,0,0,1
14,1,95,1,1,4,0,0,4,0,0,1
14,1,96,2,4,4,0,0,4,0,0,1
14,1,97,4,4,3,0,0,3,0,0,1
14,1,98,1,1,2,0,0,2,0,0,1
14,1,99,3,3,1,0,0,1,0,0,1
14,1,100,1,2,4,0,0,4,0,0,1
14,1,101,1,2,2,0,0,2,0,0,1
14,1,102,4,4,3,0,0,3,0,0,1
14,1,103,3,1,1,0,0,1,0,0,1
14,1,104,1,3,2,0,0,2,0,0,1
14,1,105,2,2,1,0,0,1,0,0,1
14,1,106,3,1,2,0,0,2,0,0,1
14,1,107,4,2,4,0,0,4,0,0,1
14,1,108,4,4,2,0,0,2,0,0,1
14,1,109,4,4,1,0,0,1,0,0,1
14,1,110,4,2,3,0,0,3,0,0,1
14,1,111,1,4,3,0,0,3,0,0,1
14,1,112,2,1,1,0,0,1,0,0,1
14,1,113,4,2,1,0,0,1,0,0,1
14,1,114,4,3,3,0,0,3,0,0,1
14,1,115,3,2,2,0,0,2,0,0,1
14,1,116,2,4,4,0,0,4,0,0,1
14,1,117,2,4,4,0,0,4,0,0,1
14,1,118,2,4,3,0,0,3,0,0,1
14,1,119,4,3,1,0,0,1,0,0,1
14,1,120,3,4,4,0,0,4,0,0,1
14,1,121,3,4,2,0,0,2,0,0,1
14,1,122,4,4,4,0,0,4,0,0,1
14,1,123,3,3,3,0,0,3,0,0,1
14,1,124,4,4,4,0,0,4,0,0,1
14,1,125,4,2,1,0,0,1,0,0,1
14,1,126,4,2,1,0,0,1,0,0,1
14,1,127,3,2,4,0,0,4,0,0,1
14,1,128,1,2,3,0,0,3,0,0,1
14,1,129,4,2,4,0,0,4,0,0,1
14,1,130,3,4,1,0,0,1,0,0,1
14,1,131,3,3,2,0,0,2,0,0,1
14,1,132,3,4,3,0,0,3,0,0,1
14,1,133,3,3,2,0,0,2,0,0,1
14,1,134,4,4,4,0,0,4,0,0,1
14,1,135,4,1,2,0,0,2,0,0,1
14,1,136,1,4,1,0,0,1,0,0,1
14,1,137,2,1,2,0,0,2,0,0,1
14,1,138,4,4,4,0,0,4,0,0,1
14,1,139,2,2,1,0,0,2,0,0,0
14,1,140,4,1,4,0,0,4,0,0,1
14,1,141,3,4,4,0,0,4,0,0,1
14,1,142,3,1,2,0,0,2,0,0,1
14,1,143,3,4,2,0,0,2,0,0,1
14,1,144,4,3,3,0,0,3,0,0,1
14,1,145,4,3,2,0,0,2,0,0,1
14,1,146,2,3,3,0,0,3,0,0,1
14,1,147,2,4,2,0,0,2,0,0,1
14,1,148,4,1,3,0,0,3,0,0,1
14,1,149,1,4,3,0,0,3,0,0,1
14,1,150,3,3,4,0,0,4,0,0,1
14,1,151,3,2,4,0,0,4,0,0,1
14,1,152,4,4,1,0,0,1,0,0,1
14,1,153,2,3,1,0,0,1,0,0,1
14,1,154,2,3,3,0,0,3,0,0,1
14,1,155,1,2,4,0,0,4,0,0,1
14,1,156,1,1,4,4,1,4,0,1,1
14,1,157,2,2,3,2,2,3,1,1,1
14,1,158,3,4,4,3,4,4,1,1,1
14,1,159,1,1,1,1,1,1,1,1,1
14,1,160,1,4,1,1,4,1,1,1,1
15,1,1,4,1,2,0,0,2,0,0,1
15,1,2,4,1,4,0,0,4,0,0,1
15,1,3,4,3,1,0,0,1,0,0,1
15,1,4,1,1,4,0,0,4,0,0,1
15,1,5,4,1,4,0,0,4,0,0,1
15,1,6,3,4,3,0,0,3,0,0,1
15,1,7,1,1,3,0,0,2,0,0,0
15,1,8,3,2,2,0,0,2,0,0,1
15,1,9,1,2,4,0,0,4,0,0,1
15,1,10,1,3,1,0,0,1,0,0,1
15,1,11,4,4,3,0,0,3,0,0,1
15,1,12,1,3,4,0,0,4,0,0,1
15,1,13,2,1,1,0,0,1,0,0,1
15,1,14,4,2,4,0,0,4,0,0,1
15,1,15,3,2,3,0,0,2,0,0,0
15,1,16,2,3,4,0,0,4,0,0,1
15,1,17,1,4,3,0,0,3,0,0,1
15,1,18,2,2,1,0,0,1,0,0,1
15,1,19,3,1,2,0,0,1,0,0,0
15,1,20,4,1,2,0,0,2,0,0,1
15,1,21,3,2,4,0,0,4,0,0,1
15,1,22,2,2,3,0,0,2,0,0,0
15,1,23,2,2,1,0,0,1,0,0,1
15,1,24,2,3,2,0,0,2,0,0,1
15,1,25,1,3,2,0,0,2,0,0,1
15,1,26,4,4,3,0,0,3,0,0,1
15,1,27,3,2,3,0,0,3,0,0,1
15,1,28,1,1,3,0,0,3,0,0,1
15,1,29,4,2,3,0,0,3,0,0,1
15,1,30,4,2,4,0,0,4,0,0,1
15,1,31,1,4,1,0,0,1,0,0,1
15,1,32,1,4,2,0,0,2,0,0,1
15,1,33,2,3,2,0,0,2,0,0,1
15,1,34,4,1,3,0,0,2,0,0,0
15,1,35,4,2,3,0,0,3,0,0,1
15,1,36,4,4,2,0,0,2,0,0,1
15,1,37,1,3,4,0,0,4,0,0,1
15,1,38,4,1,2,0,0,2,0,0,1
15,1,39,1,1,4,0,0,4,0,0,1
15,1,40,1,1,3,0,0,3,0,0,1
15,1,41,2,3,1,0,0,1,0,0,1
15,1,42,2,2,1,0,0,1,0,0,1
15,1,43,3,2,3,0,0,3,0,0,1
15,1,44,1,4,1,0,0,4,0,0,0
15,1,45,4,4,2,0,0,2,0,0,1
15,1,46,3,4,3,0,0,3,0,0,1
15,1,47,2,3,1,0,0,1,0,0,1
15,1,48,3,4,3,0,0,3,0,0,1
15,1,49,2,4,1,0,0,1,0,0,1
15,1,50,2,3,4,0,0,4,0,0,1
15,1,51,3,3,3,0,0,3,0,0,1
15,1,52,2,2,2,0,0,2,0,0,1
15,1,53,3,1,2,0,0,2,0,0,1
15,1,54,3,2,1,0,0,1,0,0,1
15,1,55,1,2,3,0,0,1,0,0,0
15,1,56,2,3,4,0,0,4,0,0,1
15,1,57,3,3,3,0,0,3,0,0,1
15,1,58,4,2,2,0,0,2,0,0,1
15,1,59,1,4,1,0,0,1,0,0,1
15,1,60,3,3,2,0,0,2,0,0,1
15,1,61,3,1,2,0,0,2,0,0,1
15,1,62,3,4,2,0,0,2,0,0,1
15,1,63,3,3,1,0,0,1,0,0,1
15,1,64,4,3,2,0,0,2,0,0,1
15,1,65,4,2,4,0,0,4,0,0,1
15,1,66,3,1,3,0,0,3,0,0,1
15,1,67,3,3,4,0,0,4,0,0,1
15,1,68,4,2,1,0,0,1,0,0,1
15,1,69,1,2,2,0,0,2,0,0,1
15,1,70,4,1,2,0,0,2,0,0,1
15,1,71,2,3,1,0,0,1,0,0,1
15,1,72,2,3,1,0,0,1,0,0,1
15,1,73,3,3,2,0,0,2,0,0,1
15,1,74,4,4,1,0,0,1,0,0,1
15,1,75,4,1,4,0,0,4,0,0,1
15,1,76,1,3,1,0,0,1,0,0,1
15,1,77,1,3,1,0,0,1,0,0,1
15,1,78,3,4,3,0,0,3,0,0,1
15,1,79,1,4,3,0,0,3,0,0,1
15,1,80,2,1,2,0,0,2,0,0,1
15,1,81,4,1,2,0,0,2,0,0,1
15,1,82,2,1,4,0,0,4,0,0,1
15,1,83,2,1,1,0,0,1,0,0,1
15,1,84,1,3,1,0,0,1,0,0,1
15,1,85,1,2,1,0,0,1,0,0,1
15,1,86,3,4,4,0,0,4,0,0,1
15,1,87,2,4,1,0,0,1,0,0,1
15,1,88,2,4,1,0,0,1,0,0,1
15,1,89,4,2,4,0,0,4,0,0,1
15,1,90,3,1,3,0,0,3,0,0,1
15,1,91,1,1,4,0,0,4,0,0,1
15,1,92,2,4,2,0,0,2,0,0,1
15,1,93,2,3,4,0,0,4,0,0,1
15,1,94,2,2,4,0,0,4,0,0,1
15,1,95,3,2,1,0,0,1,0,0,1
15,1,96,3,3,1,0,0,1,0,0,1
15,1,97,2,2,4,0,0,4,0,0,1
15,1,98,4,4,4,0,0,4,0,0,1
15,1,99,3,3,3,0,0,2,0,0,0
15,1,100,4,1,2,0,0,2,0,0,1
15,1,101,1,3,1,0,0,1,0,0,1
15,1,102,3,2,4,0,0,4,0,0,1
15,1,103,2,4,1,0,0,1,0,0,1
15,1,104,2,1,2,0,0,2,0,0,1
15,1,105,3,1,3,0,0,3,0,0,1
15,1,106,2,1,4,0,0,4,0,0,1
15,1,107,3,4,1,0,0,1,0,0,1
15,1,108,1,1,4,0,0,4,0,0,1
15,1,109,1,2,2,0,0,2,0,0,1
15,1,110,1,3,3,0,0,3,0,0,1
15,1,111,4,3,4,0,0,4,0,0,1
15,1,112,2,4,2,0,0,2,0,0,1
15,1,113,2,4,2,0,0,2,0,0,1
15,1,114,1,4,2,0,0,2,0,0,1
15,1,115,2,4,2,0,0,2,0,0,1
15,1,116,3,4,4,0,0,4,0,0,1
15,1,117,3,3,4,0,0,4,0,0,1
15,1,118,3,1,1,0,0,1,0,0,1
15,1,119,2,2,2,0,0,2,0,0,1
15,1,120,3,1,1,0,0,1,0,0,1
15,1,121,2,1,3,0,0,3,0,0,1
15,1,122,4,3,3,0,0,3,0,0,1
15,1,123,3,2,4,0,0,4,0,0,1
15,1,124,2,2,4,0,0,4,0,0,1
15,1,125,4,3,3,0,0,3,0,0,1
15,1,126,4,4,4,0,0,4,0,0,1
15,1,127,1,1,3,0,0,3,0,0,1
15,1,128,3,1,3,0,0,3,0,0,1
15,1,129,4,4,4,0,0,4,0,0,1
15,1,130,2,2,2,0,0,2,0,0,1
15,1,131,1,3,4,0,0,4,0,0,1
15,1,132,1,2,1,0,0,1,0,0,1
15,1,133,4,4,2,0,0,2,0,0,1
15,1,134,4,3,4,0,0,4,0,0,1
15,1,135,4,3,1,0,0,1,0,0,1
15,1,136,1,4,3,0,0,3,0,0,1
15,1,137,2,1,4,0,0,4,0,0,1
15,1,138,1,2,3,0,0,3,0,0,1
15,1,139,3,3,2,0,0,2,0,0,1
15,1,140,3,4,1,0,0,1,0,0,1
15,1,141,4,2,4,0,0,4,0,0,1
15,1,142,1,4,2,0,0,2,0,0,1
15,1,143,4,3,3,0,0,3,0,0,1
15,1,144,4,4,4,0,0,4,0,0,1
15,1,145,2,1,1,0,0,1,0,0,1
15,1,146,1,2,2,0,0,2,0,0,1
15,1,147,2,1,3,0,0,3,0,0,1
15,1,148,3,2,4,0,0,4,0,0,1
15,1,149,2,4,4,0,0,4,0,0,1
15,1,150,4,3,3,0,0,3,0,0,1
15,1,151,1,4,1,0,0,1,0,0,1
15,1,152,1,1,4,0,0,4,0,0,1
15,1,153,2,4,4,0,0,4,0,0,1
15,1,154,1,2,4,0,0,4,0,0,1
15,1,155,4,3,1,0,0,1,0,0,1
15,1,156,3,1,4,3,4,1,1,0,0
15,1,157,1,1,4,4,1,3,0,1,0
15,1,158,3,4,2,3,4,2,1,1,1
15,1,159,4,2,4,4,2,4,1,1,1
15,1,160,1,2,2,1,2,2,1,1,1
16,1,1,2,3,2,0,0,2,0,0,1
16,1,2,3,4,2,0,0,2,0,0,1
16,1,3,2,3,1,0,0,1,0,0,1
16,1,4,1,2,2,0,0,2,0,0,1
16,1,5,3,1,1,0,0,1,0,0,1
16,1,6,2,3,1,0,0,1,0,0,1
16,1,7,2,3,1,0,0,1,0,0,1
16,1,8,4,2,2,0,0,2,0,0,1
16,1,9,2,1,1,0,0,1,0,0,1
16,1,10,4,2,1,0,0,1,0,0,1
16,1,11,1,4,2,0,0,2,0,0,1
16,1,12,4,3,3,0,0,3,0,0,1
16,1,13,4,1,4,0,0,4,0,0,1
16,1,14,2,1,3,0,0,3,0,0,1
16,1,15,1,1,1,0,0,1,0,0,1
16,1,16,1,1,2,0,0,2,0,0,1
16,1,17,1,2,3,0,0,3,0,0,1
16,1,18,3,1,1,0,0,1,0,0,1
16,1,19,2,2,4,0,0,4,0,0,1
16,1,20,4,2,1,0,0,1,0,0,1
16,1,21,3,2,1,0,0,1,0,0,1
16,1,22,2,1,1,0,0,1,0,0,1
16,1,23,1,2,1,0,0,1,0,0,1
16,1,24,1,1,2,0,0,2,0,0,1
16,1,25,1,2,1,0,0,1,0,0,1
16,1,26,4,1,1,0,0,1,0,0,1
16,1,27,4,1,2,0,0,1,0,0,0
16,1,28,1,4,3,0,0,3,0,0,1
16,1,29,3,2,1,0,0,1,0,0,1
16,1,30,1,4,4,0,0,3,0,0,0
16,1,31,1,1,1,0,0,3,0,0,0
16,1,32,1,2,2,0,0,2,0,0,1
16,1,33,2,4,2,0,0,4,0,0,0
16,1,34,1,1,3,0,0,3,0,0,1
16,1,35,2,2,3,0,0,3,0,0,1
16,1,36,1,3,3,0,0,3,0,0,1
16,1,37,3,2,4,0,0,4,0,0,1
16,1,38,3,4,1,0,0,1,0,0,1
16,1,39,2,4,3,0,0,3,0,0,1
16,1,40,3,1,1,0,0,1,0,0,1
16,1,41,4,1,2,0,0,2,0,0,1
16,1,42,4,3,1,0,0,1,0,0,1
16,1,43,1,4,3,0,0,3,0,0,1
16,1,44,2,3,3,0,0,3,0,0,1
16,1,45,3,3,1,0,0,1,0,0,1
16,1,46,2,3,3,0,0,3,0,0,1
16,1,47,4,2,2,0,0,2,0,0,1
16,1,48,3,3,4,0,0,4,0,0,1
16,1,49,4,3,1,0,0,1,0,0,1
16,1,50,4,3,1,0,0,1,0,0,1
16,1,51,1,3,2,0,0,2,0,0,1
16,1,52,4,3,1,0,0,1,0,0,1
16,1,53,2,1,3,0,0,4,0,0,0
16,1,54,2,2,3,0,0,3,0,0,1
16,1,55,4,1,4,0,0,4,0,0,1
16,1,56,2,2,2,0,0,2,0,0,1
16,1,57,3,3,1,0,0,1,0,0,1
16,1,58,1,4,2,0,0,2,0,0,1
16,1,59,4,2,1,0,0,1,0,0,1
16,1,60,3,1,4,0,0,4,0,0,1
16,1,61,3,1,1,0,0,1,0,0,1
16,1,62,1,3,4,0,0,4,0,0,1
16,1,63,3,1,3,0,0,3,0,0,1
16,1,64,2,4,2,0,0,2,0,0,1
16,1,65,2,3,1,0,0,1,0,0,1
16,1,66,2,1,4,0,0,4,0,0,1
16,1,67,4,4,3,0,0,3,0,0,1
16,1,68,1,4,2,0,0,2,0,0,1
16,1,69,1,1,2,0,0,2,0,0,1
16,1,70,4,3,2,0,0,2,0,0,1
16,1,71,4,2,4,0,0,4,0,0,1
16,1,72,1,3,3,0,0,3,0,0,1
16,1,73,2,4,4,0,0,4,0,0,1
16,1,74,3,3,4,0,0,4,0,0,1
16,1,75,1,1,4,0,0,4,0,0,1
16,1,76,2,2,3,0,0,3,0,0,1
16,1,77,2,2,3,0,0,3,0,0,1
16,1,78,4,3,1,0,0,1,0,0,1
16,1,79,3,4,1,0,0,1,0,0,1
16,1,80,3,3,4,0,0,4,0,0,1
16,1,81,2,2,2,0,0,2,0,0,1
16,1,82,2,4,1,0,0,1,0,0,1
16,1,83,3,3,2,0,0,2,0,0,1
16,1,84,2,4,4,0,0,4,0,0,1
16,1,85,4,3,2,0,0,2,0,0,1
16,1,86,2,1,2,0,0,2,0,0,1
16,1,87,2,4,1,0,0,1,0,0,1
16,1,88,2,4,4,0,0,4,0,0,1
16,1,89,3,1,4,0,0,4,0,0,1
16,1,90,3,2,1,0,0,1,0,0,1
16,1,91,2,4,1,0,0,1,0,0,1
16,1,92,3,2,1,0,0,1,0,0,1
16,1,93,3,4,2,0,0,2,0,0,1
16,1,94,2,2,4,0,0,4,0,0,1
16,1,95,3,3,3,0,0,3,0,0,1
16,1,96,1,3,2,0,0,2,0,0,1
16,1,97,4,4,4,0,0,4,0,0,1
16,1,98,2,4,4,0,0,4,0,0,1
16,1,99,2,1,3,0,0,3,0,0,1
16,1,100,1,1,4,0,0,4,0,0,1
16,1,101,3,4,3,0,0,3,0,0,1
16,1,102,2,3,4,0,0,4,0,0,1
16,1,103,1,4,3,0,0,3,0,0,1
16,1,104,4,1,4,0,0,4,0,0,1
16,1,105,4,1,1,0,0,1,0,0,1
16,1,106,4,4,4,0,0,4,0,0,1
16,1,107,4,4,4,0,0,4,0,0,1
16,1,108,3,4,4,0,0,4,0,0,1
16,1,109,1,3,4,0,0,4,0,0,1
16,1,110,4,4,3,0,0,3,0,0,1
16,1,111,3,2,2,0,0,2,0,0,1
16,1,112,4,3,4,0,0,4,0,0,1
16,1,113,3,1,1,0,0,3,0,0,0
16,1,114,2,1,4,0,0,4,0,0,1
16,1,115,3,2,1,0,0,1,0,0,1
16,1,116,4,2,3,0,0,3,0,0,1
16,1,117,4,4,3,0,0,3,0,0,1
16,1,118,1,3,4,0,0,4,0,0,1
16,1,119,3,2,2,0,0,2,0,0,1
16,1,120,4,2,3,0,0,3,0,0,1
16,1,121,3,4,4,0,0,4,0,0,1
16,1,122,3,2,3,0,0,3,0,0,1
16,1,123,4,1,4,0,0,4,0,0,1
16,1,124,3,1,3,0,0,3,0,0,1
16,1,125,4,2,1,0,0,1,0,0,1
16,1,126,1,3,3,0,0,3,0,0,1
16,1,127,3,3,4,0,0,4,0,0,1
16,1,128,4,2,1,0,0,1,0,0,1
16,1,129,4,4,1,0,0,1,0,0,1
16,1,130,4,1,1,0,0,1,0,0,1
16,1,131,3,3,4,0,0,4,0,0,1
16,1,132,1,1,1,0,0,1,0,0,1
16,1,133,3,2,1,0,0,1,0,0,1
16,1,134,2,3,2,0,0,2,0,0,1
16,1,135,3,1,4,0,0,4,0,0,1
16,1,136,3,3,2,0,0,2,0,0,1
16,1,137,1,2,1,0,0,1,0,0,1
16,1,138,2,3,2,0,0,2,0,0,1
16,1,139,2,2,4,0,0,4,0,0,1
16,1,140,4,3,4,0,0,4,0,0,1
16,1,141,1,1,2,0,0,2,0,0,1
16,1,142,3,4,4,0,0,4,0,0,1
16,1,143,4,4,1,0,0,1,0,0,1
16,1,144,2,2,4,0,0,4,0,0,1
16,1,145,1,2,3,0,0,3,0,0,1
16,1,146,2,1,1,0,0,1,0,0,1
16,1,147,1,4,2,0,0,2,0,0,1
16,1,148,1,4,2,0,0,2,0,0,1
16,1,149,2,1,2,0,0,2,0,0,1
16,1,150,4,4,1,0,0,1,0,0,1
16,1,151,1,2,1,0,0,1,0,0,1
16,1,152,1,2,3,0,0,3,0,0,1
16,1,153,4,1,4,0,0,4,0,0,1
16,1,154,1,3,3,0,0,3,0,0,1
16,1,155,3,4,2,0,0,2,0,0,1
16,1,156,4,4,1,4,3,1,1,0,1
16,1,157,1,4,1,1,4,1,1,1,1
16,1,158,3,4,3,3,4,3,1,1,1
16,1,159,1,2,4,1,2,4,1,1,1
16,1,160,1,3,1,1,3,1,1,1,1
17,1,1,1,4,2,0,0,2,0,0,1
17,1,2,3,3,1,0,0,1,0,0,1
17,1,3,3,3,4,0,0,4,0,0,1
17,1,4,2,1,3,0,0,3,0,0,1
17,1,5,3,3,2,0,0,2,0,0,1
17,1,6,2,1,4,0,0,4,0,0,1
17,1,7,4,1,2,0,0,2,0,0,1
17,1,8,4,2,3,0,0,3,0,0,1
17,1,9,4,1,2,0,0,2,0,0,1
17,1,10,3,2,1,0,0,1,0,0,1
17,1,11,1,4,3,0,0,3,0,0,1
17,1,12,4,1,1,0,0,1,0,0,1
17,1,13,4,3,2,0,0,2,0,0,1
17,1,14,2,2,4,0,0,4,0,0,1
17,1,15,4,4,4,0,0,4,0,0,1
17,1,16,3,3,3,0,0,3,0,0,1
17,1,17,2,3,3,0,0,3,0,0,1
17,1,18,4,3,4,0,0,4,0,0,1
17,1,19,1,3,2,0,0,2,0,0,1
17,1,20,2,2,3,0,0,3,0,0,1
17,1,21,3,2,3,0,0,3,0,0,1
17,1,22,4,2,2,0,0,2,0,0,1
17,1,23,4,2,1,0,0,1,0,0,1
17,1,24,4,1,1,0,0,1,0,0,1
17,1,25,4,2,4,0,0,4,0,0,1
17,1,26,4,1,3,0,0,3,0,0,1
17,1,27,3,3,2,0,0,2,0,0,1
17,1,28,3,4,2,0,0,2,0,0,1
17,1,29,2,2,1,0,0,1,0,0,1
17,1,30,1,2,2,0,0,2,0,0,1
17,1,31,3,1,3,0,0,3,0,0,1
17,1,32,3,2,2,0,0,2,0,0,1
17,1,33,2,3,3,0,0,3,0,0,1
17,1,34,3,3,4,0,0,4,0,0,1
17,1,35,1,4,2,0,0,2,0,0,1
17,1,36,1,1,2,0,0,2,0,0,1
17,1,37,1,3,2,0,0,2,0,0,1
17,1,38,1,3,1,0,0,1,0,0,1
17,1,39,3,2,4,0,0,4,0,0,1
17,1,40,4,3,3,0,0,3,0,0,1
17,1,41,2,2,1,0,0,1,0,0,1
17,1,42,1,4,2,0,0,2,0,0,1
17,1,43,3,2,1,0,0,1,0,0,1
17,1,44,4,3,3,0,0,3,0,0,1
17,1,45,1,1,3,0,0,3,0,0,1
17,1,46,4,3,4,0,0,4,0,0,1
17,1,47,4,4,3,0,0,3,0,0,1
17,1,48,4,3,4,0,0,4,0,0,1
17,1,49,3,1,3,0,0,3,0,0,1
17,1,50,3,3,2,0,0,2,0,0,1
17,1,51,2,4,3,0,0,3,0,0,1
17,1,52,3,1,1,0,0,1,0,0,1
17,1,53,4,1,1,0,0,1,0,0,1
17,1,54,4,3,3,0,0,3,0,0,1
17,1,55,2,1,2,0,0,2,0,0,1
17,1,56,1,2,2,0,0,2,0,0,1
17,1,57,3,3,1,0,0,1,0,0,1
17,1,58,2,1,3,0,0,3,0,0,1
17,1,59,4,3,3,0,0,3,0,0,1
17,1,60,1,2,1,0,0,1,0,0,1
17,1,61,1,3,3,0,0,3,0,0,1
17,1,62,3,4,4,0,0,4,0,0,1
17,1,63,2,4,2,0,0,2,0,0,1
17,1,64,4,4,1,0,0,1,0,0,1
17,1,65,1,1,4,0,0,4,0,0,1
17,1,66,1,1,1,0,0,1,0,0,1
17,1,67,2,1,1,0,0,1,0,0,1
17,1,68,2,3,4,0,0,4,0,0,1
17,1,69,2,4,1,0,0,1,0,0,1
17,1,70,4,4,1,0,0,1,0,0,1
17,1,71,3,4,3,0,0,3,0,0,1
17,1,72,3,4,2,0,0,2,0,0,1
17,1,73,4,4,4,0,0,4,0,0,1
17,1,74,1,2,1,0,0,1,0,0,1
17,1,75,2,1,1,0,0,1,0,0,1
17,1,76,1,1,4,0,0,4,0,0,1
17,1,77,2,3,1,0,0,1,0,0,1
17,1,78,3,3,1,0,0,1,0,0,1
17,1,79,1,2,3,0,0,3,0,0,1
17,1,80,1,2,3,0,0,3,0,0,1
17,1,81,2,1,1,0,0,1,0,0,1
17,1,82,4,1,4,0,0,4,0,0,1
17,1,83,1,1,1,0,0,1,0,0,1
17,1,84,1,2,1,0,0,1,0,0,1
17,1,85,1,1,4,0,0,4,0,0,1
17,1,86,1,1,3,0,0,3,0,0,1
17,1,87,2,3,4,0,0,4,0,0,1
17,1,88,3,2,2,0,0,2,0,0,1
17,1,89,2,2,2,0,0,2,0,0,1
17,1,90,1,2,4,0,0,4,0,0,1
17,1,91,1,3,4,0,0,4,0,0,1
17,1,92,1,4,2,0,0,2,0,0,1
17,1,93,2,3,4,0,0,4,0,0,1
17,1,94,2,4,2,0,0,2,0,0,1
17,1,95,1,4,4,0,0,4,0,0,1
17,1,96,2,4,3,0,0,3,0,0,1
17,1,97,3,2,4,0,0,4,0,0,1
17,1,98,3,1,3,0,0,3,0,0,1
17,1,99,4,3,1,0,0,1,0,0,1
17,1,100,3,1,1,0,0,1,0,0,1
17,1,101,3,2,3,0,0,3,0,0,1
17,1,102,3,1,1,0,0,1,0,0,1
17,1,103,3,1,2,0,0,2,0,0,1
17,1,104,2,1,3,0,0,3,0,0,1
17,1,105,2,3,1,0,0,1,0,0,1
17,1,106,1,3,3,0,0,3,0,0,1
17,1,107,4,2,3,0,0,3,0,0,1
17,1,108,2,1,2,0,0,2,0,0,1
17,1,109,3,1,3,0,0,3,0,0,1
17,1,110,3,2,4,0,0,4,0,0,1
17,1,111,4,4,1,0,0,1,0,0,1
17,1,112,4,1,2,0,0,2,0,0,1
17,1,113,2,3,1,0,0,1,0,0,1
17,1,114,1,1,4,0,0,3,0,0,0
17,1,115,3,4,3,0,0,3,0,0,1
17,1,116,4,2,3,0,0,3,0,0,1
17,1,117,1,4,4,0,0,4,0,0,1
17,1,118,1,2,3,0,0,3,0,0,1
17,1,119,2,4,1,0,0,1,0,0,1
17,1,120,2,4,2,0,0,2,0,0,1
17,1,121,1,3,3,0,0,3,0,0,1
17,1,122,3,4,4,0,0,4,0,0,1
17,1,123,4,1,2,0,0,2,0,0,1
17,1,124,1,3,2,0,0,2,0,0,1
17,1,125,4,2,3,0,0,4,0,0,0
17,1,126,2,4,4,0,0,4,0,0,1
17,1,127,4,4,4,0,0,4,0,0,1
17,1,128,4,2,3,0,0,3,0,0,1
17,1,129,2,2,1,0,0,1,0,0,1
17,1,130,3,3,2,0,0,2,0,0,1
17,1,131,1,1,2,0,0,2,0,0,1
17,1,132,1,4,3,0,0,3,0,0,1
17,1,133,4,4,3,0,0,3,0,0,1
17,1,134,1,4,3,0,0,3,0,0,1
17,1,135,2,3,4,0,0,4,0,0,1
17,1,136,2,2,3,0,0,3,0,0,1
17,1,137,3,1,1,0,0,1,0,0,1
17,1,138,3,4,4,0,0,4,0,0,1
17,1,139,3,1,2,0,0,2,0,0,1
17,1,140,2,4,3,0,0,3,0,0,1
17,1,141,3,4,1,0,0,1,0,0,1
17,1,142,4,1,4,0,0,4,0,0,1
17,1,143,1,4,1,0,0,2,0,0,0
17,1,144,4,3,3,0,0,3,0,0,1
17,1,145,3,4,4,0,0,4,0,0,1
17,1,146,4,4,4,0,0,4,0,0,1
17,1,147,3,4,3,0,0,3,0,0,1
17,1,148,1,3,3,0,0,3,0,0,1
17,1,149,4,4,3,0,0,3,0,0,1
17,1,150,2,2,3,0,0,3,0,0,1
17,1,151,4,2,3,0,0,3,0,0,1
17,1,152,2,2,2,0,0,2,0,0,1
17,1,153,2,3,3,0,0,3,0,0,1
17,1,154,1,2,3,0,0,3,0,0,1
17,1,155,2,1,4,0,0,4,0,0,1
17,1,156,2,4,4,3,1,1,0,0,0
17,1,157,3,2,2,1,3,1,0,0,0
17,1,158,1,3,3,1,3,2,1,1,0
17,1,159,4,2,3,4,2,3,1,1,1
17,1,160,2,2,3,2,2,3,1,1,1
18,1,1,1,2,4,0,0,4,0,0,1
18,1,2,4,2,2,0,0,2,0,0,1
18,1,3,3,1,2,0,0,2,0,0,1
18,1,4,3,1,1,0,0,1,0,0,1
18,1,5,1,4,3,0,0,3,0,0,1
18,1,6,4,1,2,0,0,2,0,0,1
18,1,7,2,4,2,0,0,2,0,0,1
18,1,8,3,3,1,0,0,1,0,0,1
18,1,9,2,1,3,0,0,3,0,0,1
18,1,10,4,2,4,0,0,4,0,0,1
18,1,11,2,1,3,0,0,3,0,0,1
18,1,12,2,2,1,0,0,1,0,0,1
18,1,13,3,3,3,0,0,3,0,0,1
18,1,14,2,2,1,0,0,1,0,0,1
18,1,15,4,2,4,0,0,4,0,0,1
18,1,16,3,1,4,0,0,4,0,0,1
18,1,17,3,1,2,0,0,2,0,0,1
18,1,18,3,4,3,0,0,3,0,0,1
18,1,19,1,4,1,0,0,1,0,0,1
18,1,20,1,2,1,0,0,1,0,0,1
18,1,21,1,1,2,0,0,2,0,0,1
18,1,22,4,1,2,0,0,2,0,0,1
18,1,23,4,2,2,0,0,2,0,0,1
18,1,24,4,2,3,0,0,3,0,0,1
18,1,25,3,1,3,0,0,3,0,0,1
18,1,26,4,2,3,0,0,3,0,0,1
18,1,27,1,2,2,0,0,2,0,0,1
18,1,28,3,1,2,0,0,2,0,0,1
18,1,29,2,1,1,0,0,1,0,0,1
18,1,30,3,4,3,0,0,3,0,0,1
18,1,31,3,4,2,0,0,2,0,0,1
18,1,32,1,3,3,0,0,3,0,0,1
18,1,33,4,3,2,0,0,2,0,0,1
18,1,34,4,1,4,0,0,4,0,0,1
18,1,35,2,4,4,0,0,4,0,0,1
18,1,36,2,3,3,0,0,3,0,0,1
18,1,37,2,1,2,0,0,2,0,0,1
18,1,38,4,3,4,0,0,4,0,0,1
18,1,39,1,4,3,0,0,3,0,0,1
18,1,40,4,4,3,0,0,3,0,0,1
18,1,41,1,1,4,0,0,4,0,0,1
18,1,42,1,1,2,0,0,2,0,0,1
18,1,43,1,3,3,0,0,3,0,0,1
18,1,44,1,3,3,0,0,3,0,0,1
18,1,45,3,1,1,0,0,1,0,0,1
18,1,46,3,2,1,0,0,1,0,0,1
18,1,47,2,4,1,0,0,1,0,0,1
18,1,48,4,4,3,0,0,2,0,0,0
18,1,49,1,1,1,0,0,1,0,0,1
18,1,50,3,4,2,0,0,3,0,0,0
18,1,51,1,1,2,0,0,3,0,0,0
18,1,52,2,1,3,0,0,4,0,0,0
18,1,53,3,1,1,0,0,1,0,0,1
18,1,54,3,1,1,0,0,1,0,0,1
18,1,55,1,4,2,0,0,2,0,0,1
18,1,56,3,3,1,0,0,1,0,0,1
18,1,57,4,3,4,0,0,4,0,0,1
18,1,58,1,3,3,0,0,3,0,0,1
18,1,59,1,4,3,0,0,3,0,0,1
18,1,60,2,3,4,0,0,4,0,0,1
18,1,61,1,2,2,0,0,2,0,0,1
18,1,62,1,2,2,0,0,2,0,0,1
18,1,63,1,2,1,0,0,1,0,0,1
18,1,64,4,3,3,0,0,3,0,0,1
18,1,65,3,3,4,0,0,4,0,0,1
18,1,66,3,4,2,0,0,2,0,0,1
18,1,67,3,3,3,0,0,3,0,0,1
18,1,68,1,2,2,0,0,2,0,0,1
18,1,69,2,1,3,0,0,3,0,0,1
18,1,70,3,2,1,0,0,1,0,0,1
18,1,71,1,4,3,0,0,3,0,0,1
18,1,72,4,2,4,0,0,4,0,0,1
18,1,73,2,2,1,0,0,1,0,0,1
18,1,74,3,3,4,0,0,4,0,0,1
18,1,75,4,1,4,0,0,4,0,0,1
18,1,76,2,4,3,0,0,3,0,0,1
18,1,77,2,2,1,0,0,1,0,0,1
18,1,78,2,4,2,0,0,2,0,0,1
18,1,79,3,3,3,0,0,3,0,0,1
18,1,80,4,2,4,0,0,4,0,0,1
18,1,81,4,4,2,0,0,2,0,0,1
18,1,82,1,3,2,0,0,2,0,0,1
18,1,83,2,1,4,0,0,4,0,0,1
18,1,84,2,3,3,0,0,3,0,0,1
18,1,85,2,3,1,0,0,1,0,0,1
18,1,86,2,3,4,0,0,4,0,0,1
18,1,87,1,3,3,0,0,3,0,0,1
18,1,88,2,4,2,0,0,2,0,0,1
18,1,89,3,3,3,0,0,3,0,0,1
18,1,90,4,3,4,0,0,4,0,0,1
18,1,91,3,3,2,0,0,2,0,0,1
18,1,92,2,3,3,0,0,3,0,0,1
18,1,93,1,1,4,0,0,4,0,0,1
18,1,94,2,4,1,0,0,1,0,0,1
18,1,95,2,1,4,0,0,4,0,0,1
18,1,96,2,1,3,0,0,3,0,0,1
18,1,97,1,1,4,0,0,4,0,0,1
18,1,98,2,2,2,0,0,2,0,0,1
18,1,99,4,2,3,0,0,3,0,0,1
18,1,100,2,3,1,0,0,1,0,0,1
18,1,101,2,4,2,0,0,2,0,0,1
18,1,102,3,2,4,0,0,4,0,0,1
18,1,103,2,3,2,0,0,2,0,0,1
18,1,104,3,2,1,0,0,1,0,0,1
18,1,105,4,3,1,0,0,1,0,0,1
18,1,106,2,3,1,0,0,1,0,0,1
18,1,107,2,3,3,0,0,3,0,0,1
18,1,108,1,2,4,0,0,4,0,0,1
18,1,109,4,4,4,0,0,4,0,0,1
18,1,110,2,4,1,0,0,1,0,0,1
18,1,111,3,4,2,0,0,2,0,0,1
18,1,112,1,4,1,0,0,1,0,0,1
18,1,113,4,1,4,0,0,4,0,0,1
18,1,114,3,2,1,0,0,1,0,0,1
18,1,115,3,2,3,0,0,4,0,0,0
18,1,116,1,3,2,0,0,2,0,0,1
18,1,117,4,3,3,0,0,3,0,0,1
18,1,118,2,1,3,0,0,3,0,0,1
18,1,119,3,2,2,0,0,2,0,0,1
18,1,120,4,3,2,0,0,2,0,0,1
18,1,121,1,3,1,0,0,1,0,0,1
18,1,122,2,2,2,0,0,2,0,0,1
18,1,123,3,4,3,0,0,3,0,0,1
18,1,124,4,4,4,0,0,4,0,0,1
18,1,125,4,1,4,0,0,4,0,0,1
18,1,126,2,4,1,0,0,1,0,0,1
18,1,127,4,4,1,0,0,1,0,0,1
18,1,128,3,2,1,0,0,1,0,0,1
18,1,129,4,4,4,0,0,4,0,0,1
18,1,130,3,2,1,0,0,1,0,0,1
18,1,131,4,4,4,0,0,4,0,0,1
18,1,132,3,2,1,0,0,1,0,0,1
18,1,133,1,2,4,0,0,3,0,0,0
18,1,134,3,3,2,0,0,2,0,0,1
18,1,135,1,4,4,0,0,4,0,0,1
18,1,136,3,4,3,0,0,3,0,0,1
18,1,137,4,1,2,0,0,2,0,0,1
18,1,138,4,1,2,0,0,2,0,0,1
18,1,139,1,3,4,0,0,4,0,0,1
18,1,140,4,4,4,0,0,4,0,0,1
18,1,141,1,3,3,0,0,3,0,0,1
18,1,142,1,1,1,0,0,1,0,0,1
18,1,143,1,4,3,0,0,3,0,0,1
18,1,144,4,1,3,0,0,3,0,0,1
18,1,145,4,3,1,0,0,1,0,0,1
18,1,146,4,2,4,0,0,4,0,0,1
18,1,147,1,1,3,0,0,3,0,0,1
18,1,148,1,4,1,0,0,1,0,0,1
18,1,149,4,4,4,0,0,4,0,0,1
18,1,150,3,4,1,0,0,1,0,0,1
18,1,151,2,2,1,0,0,1,0,0,1
18,1,152,4,3,2,0,0,2,0,0,1
18,1,153,1,2,1,0,0,1,0,0,1
18,1,154,3,1,3,0,0,3,0,0,1
18,1,155,4,1,3,0,0,3,0,0,1
18,1,156,1,1,2,3,4,1,0,0,0
18,1,157,2,2,2,2,2,2,1,1,1
18,1,158,2,2,3,2,2,3,1,1,1
18,1,159,3,4,2,3,4,2,1,1,1
18,1,160,2,2,2,2,2,2,1,1,1
19,1,1,2,2,4,0,0,4,0,0,1
19,1,2,2,4,1,0,0,1,0,0,1
19,1,3,4,3,3,0,0,3,0,0,1
19,1,4,2,4,1,0,0,1,0,0,1
19,1,5,4,1,1,0,0,1,0,0,1
19,1,6,2,3,2,0,0,2,0,0,1
19,1,7,2,3,2,0,0,2,0,0,1
19,1,8,4,1,2,0,0,2,0,0,1
19,1,9,2,1,2,0,0,2,0,0,1
19,1,10,2,4,4,0,0,4,0,0,1
19,1,11,3,1,1,0,0,1,0,0,1
19,1,12,1,3,4,0,0,4,0,0,1
19,1,13,4,1,2,0,0,2,0,0,1
19,1,14,2,1,2,0,0,2,0,0,1
19,1,15,1,2,1,0,0,1,0,0,1
19,1,16,1,2,1,0,0,1,0,0,1
19,1,17,1,1,1,0,0,1,0,0,1
19,1,18,3,1,2,0,0,2,0,0,1
19,1,19,3,2,2,0,0,2,0,0,1
19,1,20,3,1,3,0,0,3,0,0,1
19,1,21,3,3,3,0,0,3,0,0,1
19,1,22,3,2,1,0,0,2,0,0,0
19,1,23,4,3,2,0,0,2,0,0,1
19,1,24,3,2,1,0,0,1,0,0,1
19,1,25,1,2,4,0,0,4,0,0,1
19,1,26,3,4,2,0,0,2,0,0,1
19,1,27,1,2,4,0,0,4,0,0,1
19,1,28,2,2,1,0,0,1,0,0,1
19,1,29,1,2,2,0,0,2,0,0,1
19,1,30,3,4,1,0,0,1,0,0,1
19,1,31,1,4,4,0,0,4,0,0,1
19,1,32,3,2,2,0,0,2,0,0,1
19,1,33,1,2,3,0,0,3,0,0,1
19,1,34,2,1,4,0,0,4,0,0,1
19,1,35,4,2,2,0,0,2,0,0,1
19,1,36,3,2,1,0,0,2,0,0,0
19,1,37,2,1,1,0,0,1,0,0,1
19,1,38,3,4,3,0,0,3,0,0,1
19,1,39,2,3,2,0,0,2,0,0,1
19,1,40,4,1,4,0,0,4,0,0,1
19,1,41,2,4,1,0,0,1,0,0,1
19,1,42,1,3,1,0,0,1,0,0,1
19,1,43,3,1,1,0,0,1,0,0,1
19,1,44,3,3,4,0,0,4,0,0,1
19,1,45,3,2,3,0,0,3,0,0,1
19,1,46,4,4,2,0,0,2,0,0,1
19,1,47,2,3,1,0,0,1,0,0,1
19,1,48,1,4,1,0,0,1,0,0,1
19,1,49,4,2,1,0,0,1,0,0,1
19,1,50,2,2,1,0,0,1,0,0,1
19,1,51,1,4,1,0,0,1,0,0,1
19,1,52,1,3,3,0,0,3,0,0,1
19,1,53,3,1,2,0,0,2,0,0,1
19,1,54,2,1,1,0,0,1,0,0,1
19,1,55,4,4,2,0,0,2,0,0,1
19,1,56,4,4,1,0,0,1,0,0,1
19,1,57,4,1,2,0,0,4,0,0,0
19,1,58,4,2,1,0,0,1,0,0,1
19,1,59,2,3,3,0,0,3,0,0,1
19,1,60,3,4,3,0,0,3,0,0,1
19,1,61,3,3,3,0,0,3,0,0,1
19,1,62,1,4,1,0,0,1,0,0,1
19,1,63,1,4,4,0,0,4,0,0,1
19,1,64,1,3,4,0,0,4,0,0,1
19,1,65,4,2,1,0,0,1,0,0,1
19,1,66,4,3,4,0,0,4,0,0,1
19,1,67,1,1,2,0,0,2,0,0,1
19,1,68,1,1,3,0,0,3,0,0,1
19,1,69,2,4,2,0,0,2,0,0,1
19,1,70,4,2,2,0,0,2,0,0,1
19,1,71,1,4,1,0,0,1,0,0,1
19,1,72,4,1,2,0,0,2,0,0,1
19,1,73,2,4,3,0,0,3,0,0,1
19,1,74,1,3,2,0,0,2,0,0,1
19,1,75,4,4,1,0,0,1,0,0,1
19,1,76,1,4,1,0,0,1,0,0,1
19,1,77,2,3,3,0,0,3,0,0,1
19,1,78,3,3,4,0,0,4,0,0,1
19,1,79,3,1,2,0,0,2,0,0,1
19,1,80,2,2,4,0,0,4,0,0,1
19,1,81,3,2,3,0,0,3,0,0,1
19,1,82,4,2,2,0,0,2,0,0,1
19,1,83,2,2,4,0,0,4,0,0,1
19,1,84,3,2,2,0,0,2,0,0,1
19,1,85,3,3,3,0,0,3,0,0,1
19,1,86,4,4,4,0,0,2,0,0,0
19,1,87,2,2,3,0,0,3,0,0,1
19,1,88,4,4,4,0,0,4,0,0,1
19,1,89,2,3,2,0,0,2,0,0,1
19,1,90,2,2,2,0,0,2,0,0,1
19,1,91,4,4,3,0,0,3,0,0,1
19,1,92,1,1,2,0,0,2,0,0,1
19,1,93,4,3,4,0,0,4,0,0,1
19,1,94,1,1,4,0,0,4,0,0,1
19,1,95,1,1,3,0,0,3,0,0,1
19,1,96,4,4,4,0,0,4,0,0,1
19,1,97,3,1,1,0,0,1,0,0,1
19,1,98,2,4,2,0,0,2,0,0,1
19,1,99,3,2,2,0,0,2,0,0,1
19,1,100,4,3,4,0,0,4,0,0,1
19,1,101,2,1,4,0,0,4,0,0,1
19,1,102,4,1,4,0,0,4,0,0,1
19,1,103,3,1,1,0,0,1,0,0,1
19,1,104,2,3,4,0,0,4,0,0,1
19,1,105,4,3,4,0,0,4,0,0,1
19,1,106,1,1,4,0,0,4,0,0,1
19,1,107,3,3,3,0,0,3,0,0,1
19,1,108,1,4,4,0,0,4,0,0,1
19,1,109,4,4,1,0,0,1,0,0,1
19,1,110,1,1,1,0,0,1,0,0,1
19,1,111,2,4,3,0,0,3,0,0,1
19,1,112,3,4,1,0,0,1,0,0,1
19,1,113,2,1,4,0,0,4,0,0,1
19,1,114,1,3,4,0,0,4,0,0,1
19,1,115,4,3,2,0,0,4,0,0,0
19,1,116,2,1,3,0,0,3,0,0,1
19,1,117,3,1,1,0,0,1,0,0,1
19,1,118,2,3,3,0,0,3,0,0,1
19,1,119,1,4,4,0,0,4,0,0,1
19,1,120,4,3,3,0,0,3,0,0,1
19,1,121,3,4,3,0,0,3,0,0,1
19,1,122,4,1,4,0,0,4,0,0,1
19,1,123,3,3,1,0,0,1,0,0,1
19,1,124,4,1,4,0,0,4,0,0,1
19,1,125,1,2,2,0,0,2,0,0,1
19,1,126,3,4,1,0,0,1,0,0,1
19,1,127,2,4,1,0,0,2,0,0,0
19,1,128,4,4,1,0,0,1,0,0,1
19,1,129,1,1,4,0,0,4,0,0,1
19,1,130,3,4,4,0,0,4,0,0,1
19,1,131,4,2,2,0,0,2,0,0,1
19,1,132,1,3,4,0,0,4,0,0,1
19,1,133,3,2,1,0,0,1,0,0,1
19,1,134,3,3,2,0,0,2,0,0,1
19,1,135,1,2,2,0,0,2,0,0,1
19,1,136,1,2,1,0,0,2,0,0,0
19,1,137,1,1,4,0,0,4,0,0,1
19,1,138,1,4,3,0,0,3,0,0,1
19,1,139,1,2,3,0,0,3,0,0,1
19,1,140,2,1,2,0,0,2,0,0,1
19,1,141,4,2,3,0,0,3,0,0,1
19,1,142,3,3,2,0,0,2,0,0,1
19,1,143,2,1,1,0,0,1,0,0,1
19,1,144,1,3,1,0,0,1,0,0,1
19,1,145,2,2,1,0,0,1,0,0,1
19,1,146,3,3,3,0,0,3,0,0,1
19,1,147,2,4,4,0,0,4,0,0,1
19,1,148,4,3,4,0,0,4,0,0,1
19,1,149,2,2,3,0,0,3,0,0,1
19,1,150,1,3,4,0,0,4,0,0,1
19,1,151,2,3,3,0,0,3,0,0,1
19,1,152,4,2,1,0,0,1,0,0,1
19,1,153,1,3,1,0,0,1,0,0,1
19,1,154,3,4,4,0,0,4,0,0,1
19,1,155,3,1,4,0,0,4,0,0,1
19,1,156,3,4,3,2,4,4,0,1,0
19,1,157,4,1,1,4,1,2,1,1,0
19,1,158,4,3,2,4,3,4,1,1,0
19,1,159,2,2,4,2,2,4,1,1,1
19,1,160,4,2,4,4,2,4,1,1,1
20,1,1,3,4,2,0,0,2,0,0,1
20,1,2,2,2,4,0,0,4,0,0,1
20,1,3,1,1,1,0,0,1,0,0,1
20,1,4,2,1,1,0,0,1,0,0,1
20,1,5,1,3,4,0,0,4,0,0,1
20,1,6,2,4,4,0,0,2,0,0,0
20,1,7,1,3,1,0,0,1,0,0,1
20,1,8,4,2,1,0,0,1,0,0,1
20,1,9,3,4,2,0,0,2,0,0,1
20,1,10,1,1,1,0,0,1,0,0,1
20,1,11,1,3,2,0,0,2,0,0,1
20,1,12,1,3,3,0,0,3,0,0,1
20,1,13,4,3,1,0,0,1,0,0,1
20,1,14,4,1,4,0,0,4,0,0,1
20,1,15,4,1,3,0,0,3,0,0,1
20,1,16,3,2,2,0,0,2,0,0,1
20,1,17,1,4,2,0,0,2,0,0,1
20,1,18,4,4,2,0,0,2,0,0,1
20,1,19,2,4,4,0,0,4,0,0,1
20,1,20,4,2,4,0,0,4,0,0,1
20,1,21,4,2,4,0,0,4,0,0,1
20,1,22,4,3,1,0,0,1,0,0,1
20,1,23,4,1,1,0,0,1,0,0,1
20,1,24,4,2,4,0,0,4,0,0,1
20,1,25,3,2,4,0,0,4,0,0,1
20,1,26,3,1,3,0,0,3,0,0,1
20,1,27,2,2,3,0,0,3,0,0,1
20,1,28,3,3,4,0,0,4,0,0,1
20,1,29,1,1,3,0,0,3,0,0,1
20,1,30,4,3,3,0,0,3,0,0,1
20,1,31,1,2,1,0,0,1,0,0,1
20,1,32,4,2,1,0,0,1,0,0,1
20,1,33,3,2,4,0,0,4,0,0,1
20,1,34,4,1,1,0,0,1,0,0,1
20,1,35,2,1,1,0,0,1,0,0,1
20,1,36,1,4,3,0,0,3,0,0,1
20,1,37,2,1,2,0,0,2,0,0,1
20,1,38,1,4,4,0,0,4,0,0,1
20,1,39,4,3,1,0,0,1,0,0,1
20,1,40,1,4,2,0,0,2,0,0,1
20,1,41,3,2,1,0,0,1,0,0,1
20,1,42,2,3,3,0,0,3,0,0,1
20,1,43,4,4,3,0,0,3,0,0,1
20,1,44,1,4,3,0,0,3,0,0,1
20,1,45,2,2,3,0,0,3,0,0,1
20,1,46,2,3,4,0,0,4,0,0,1
20,1,47,3,3,1,0,0,1,0,0,1
20,1,48,1,4,4,0,0,4,0,0,1
20,1,49,2,4,4,0,0,4,0,0,1
20,1,50,3,3,4,0,0,4,0,0,1
20,1,51,2,3,4,0,0,4,0,0,1
20,1,52,1,2,1,0,0,1,0,0,1
20,1,53,1,4,3,0,0,3,0,0,1
20,1,54,3,1,3,0,0,3,0,0,1
20,1,55,2,2,4,0,0,4,0,0,1
20,1,56,4,4,1,0,0,1,0,0,1
20,1,57,2,2,2,0,0,2,0,0,1
20,1,58,1,2,1,0,0,1,0,0,1
20,1,59,4,1,1,0,0,1,0,0,1
20,1,60,1,2,2,0,0,2,0,0,1
20,1,61,3,4,4,0,0,4,0,0,1
20,1,62,4,4,2,0,0,2,0,0,1
20,1,63,4,4,4,0,0,4,0,0,1
20,1,64,4,2,2,0,0,2,0,0,1
20,1,65,3,2,3,0,0,3,0,0,1
20,1,66,3,4,1,0,0,1,0,0,1
20,1,67,3,4,1,0,0,1,0,0,1
20,1,68,2,4,3,0,0,3,0,0,1
20,1,69,1,4,2,0,0,2,0,0,1
20,1,70,4,4,4,0,0,4,0,0,1
20,1,71,3,3,2,0,0,2,0,0,1
20,1,72,4,1,2,0,0,2,0,0,1
20,1,73,4,2,4,0,0,4,0,0,1
20,1,74,1,3,3,0,0,3,0,0,1
20,1,75,1,1,4,0,0,4,0,0,1
20,1,76,2,3,3,0,0,3,0,0,1
20,1,77,4,1,2,0,0,2,0,0,1
20,1,78,4,3,1,0,0,1,0,0,1
20,1,79,4,4,4,0,0,4,0,0,1
20,1,80,2,2,2,0,0,2,0,0,1
20,1,81,1,2,1,0,0,1,0,0,1
20,1,82,4,4,2,0,0,2,0,0,1
20,1,83,3,4,4,0,0,4,0,0,1
20,1,84,3,4,2,0,0,2,0,0,1
20,1,85,3,3,1,0,0,1,0,0,1
20,1,86,4,3,3,0,0,3,0,0,1
20,1,87,3,2,1,0,0,1,0,0,1
20,1,88,1,2,3,0,0,3,0,0,1
20,1,89,3,3,2,0,0,2,0,0,1
20,1,90,4,1,2,0,0,2,0,0,1
20,1,91,2,4,4,0,0,4,0,0,1
20,1,92,4,3,4,0,0,4,0,0,1
20,1,93,2,2,2,0,0,2,0,0,1
20,1,94,2,4,1,0,0,1,0,0,1
20,1,95,2,1,2,0,0,2,0,0,1
20,1,96,3,2,3,0,0,3,0,0,1
20,1,97,3,3,1,0,0,1,0,0,1
20,1,98,2,3,1,0,0,1,0,0,1
20,1,99,3,4,1,0,0,1,0,0,1
20,1,100,3,2,1,0,0,1,0,0,1
20,1,101,4,1,1,0,0,1,0,0,1
20,1,102,3,1,4,0,0,4,0,0,1
20,1,103,4,3,3,0,0,3,0,0,1
20,1,104,2,2,3,0,0,3,0,0,1
20,1,105,2,3,1,0,0,1,0,0,1
20,1,106,1,3,3,0,0,3,0,0,1
20,1,107,1,4,1,0,0,1,0,0,1
20,1,108,1,4,3,0,0,3,0,0,1
20,1,109,4,2,4,0,0,4,0,0,1
20,1,110,2,1,1,0,0,1,0,0,1
20,1,111,4,3,4,0,0,4,0,0,1
20,1,112,2,1,3,0,0,3,0,0,1
20,1,113,3,4,4,0,0,4,0,0,1
20,1,114,2,3,4,0,0,4,0,0,1
20,1,115,2,2,2,0,0,2,0,0,1
20,1,116,1,1,3,0,0,3,0,0,1
20,1,117,3,1,1,0,0,1,0,0,1
20,1,118,2,2,4,0,0,4,0,0,1
20,1,119,3,1,1,0,0,1,0,0,1
20,1,120,2,1,4,0,0,4,0,0,1
20,1,121,3,4,1,0,0,1,0,0,1
20,1,122,4,3,4,0,0,4,0,0,1
20,1,123,2,1,4,0,0,4,0,0,1
20,1,124,1,1,1,0,0,1,0,0,1
20,1,125,1,1,3,0,0,3,0,0,1
20,1,126,2,4,1,0,0,1,0,0,1
20,1,127,3,1,3,0,0,3,0,0,1
20,1,128,3,2,4,0,0,4,0,0,1
20,1,129,4,4,4,0,0,4,0,0,1
20,1,130,1,3,1,0,0,1,0,0,1
20,1,131,1,2,4,0,0,4,0,0,1
20,1,132,2,4,3,0,0,3,0,0,1
20,1,133,2,1,3,0,0,3,0,0,1
20,1,134,4,4,4,0,0,4,0,0,1
20,1,135,2,4,4,0,0,4,0,0,1
20,1,136,4,1,2,0,0,2,0,0,1
20,1,137,1,3,1,0,0,1,0,0,1
20,1,138,1,2,1,0,0,1,0,0,1
20,1,139,2,3,1,0,0,1,0,0,1
20,1,140,2,4,3,0,0,3,0,0,1
20,1,141,3,3,4,0,0,4,0,0,1
20,1,142,1,1,1,0,0,1,0,0,1
20,1,143,1,1,2,0,0,2,0,0,1
20,1,144,2,3,3,0,0,3,0,0,1
20,1,145,4,2,3,0,0,3,0,0,1
20,1,146,2,3,4,0,0,4,0,0,1
20,1,147,3,1,4,0,0,4,0,0,1
20,1,148,1,2,3,0,0,3,0,0,1
20,1,149,3,1,2,0,0,2,0,0,1
20,1,150,4,2,2,0,0,2,0,0,1
20,1,151,1,1,1,0,0,1,0,0,1
20,1,152,1,3,1,0,0,1,0,0,1
20,1,153,3,1,1,0,0,1,0,0,1
20,1,154,2,1,4,0,0,4,0,0,1
20,1,155,3,1,4,0,0,4,0,0,1
20,1,156,1,3,3,1,4,3,1,0,1
20,1,157,3,2,1,3,4,1,1,0,1
20,1,158,3,3,3,3,3,3,1,1,1
20,1,159,3,3,2,3,3,2,1,1,1
20,1,160,1,2,3,1,2,3,1,1,1
21,1,1,1,2,3,0,0,3,0,0,1
21,1,2,2,1,4,0,0,4,0,0,1
21,1,3,4,3,3,0,0,2,0,0,0
21,1,4,4,4,1,0,0,4,0,0,0
21,1,5,3,4,3,0,0,3,0,0,1
21,1,6,1,3,2,0,0,2,0,0,1
21,1,7,1,2,3,0,0,2,0,0,0
21,1,8,3,2,2,0,0,4,0,0,0
21,1,9,3,2,4,0,0,2,0,0,0
21,1,10,4,1,3,0,0,3,0,0,1
21,1,11,1,2,4,0,0,3,0,0,0
21,1,12,4,4,4,0,0,4,0,0,1
21,1,13,4,2,3,0,0,3,0,0,1
21,1,14,4,1,3,0,0,2,0,0,0
21,1,15,2,3,3,0,0,3,0,0,1
21,1,16,2,4,2,0,0,2,0,0,1
21,1,17,4,3,3,0,0,4,0,0,0
21,1,18,1,4,4,0,0,2,0,0,0
21,1,19,4,2,1,0,0,4,0,0,0
21,1,20,3,1,1,0,0,4,0,0,0
21,1,21,3,1,3,0,0,3,0,0,1
21,1,22,1,2,1,0,0,4,0,0,0
21,1,23,1,1,4,0,0,4,0,0,1
21,1,24,3,3,3,0,0,2,0,0,0
21,1,25,2,2,1,0,0,4,0,0,0
21,1,26,2,3,3,0,0,2,0,0,0
21,1,27,3,2,3,0,0,3,0,0,1
21,1,28,2,3,4,0,0,4,0,0,1
21,1,29,1,3,1,0,0,1,0,0,1
21,1,30,4,1,3,0,0,3,0,0,1
21,1,31,1,4,1,0,0,1,0,0,1
21,1,32,4,4,1,0,0,3,0,0,0
21,1,33,1,3,3,0,0,3,0,0,1
21,1,34,2,4,4,0,0,4,0,0,1
21,1,35,1,3,4,0,0,4,0,0,1
21,1,36,2,4,3,0,0,4,0,0,0
21,1,37,2,3,4,0,0,4,0,0,1
21,1,38,1,2,4,0,0,4,0,0,1
21,1,39,4,2,4,0,0,4,0,0,1
21,1,40,1,3,4,0,0,4,0,0,1
21,1,41,4,1,4,0,0,4,0,0,1
21,1,42,3,4,4,0,0,4,0,0,1
21,1,43,3,2,3,0,0,3,0,0,1
21,1,44,4,2,1,0,0,1,0,0,1
21,1,45,4,4,4,0,0,4,0,0,1
21,1,46,1,3,3,0,0,3,0,0,1
21,1,47,4,2,4,0,0,4,0,0,1
21,1,48,1,4,3,0,0,3,0,0,1
21,1,49,2,1,4,0,0,4,0,0,1
21,1,50,3,3,1,0,0,1,0,0,1
21,1,51,3,2,4,0,0,4,0,0,1
21,1,52,2,3,4,0,0,4,0,0,1
21,1,53,2,4,4,0,0,4,0,0,1
21,1,54,1,4,3,0,0,3,0,0,1
21,1,55,4,4,4,0,0,4,0,0,1
21,1,56,1,4,3,0,0,4,0,0,0
21,1,57,1,1,2,0,0,2,0,0,1
21,1,58,2,2,3,0,0,3,0,0,1
21,1,59,1,1,4,0,0,4,0,0,1
21,1,60,1,4,3,0,0,3,0,0,1
21,1,61,3,3,1,0,0,1,0,0,1
21,1,62,3,4,3,0,0,3,0,0,1
21,1,63,2,3,1,0,0,1,0,0,1
21,1,64,4,3,1,0,0,1,0,0,1
21,1,65,2,1,3,0,0,3,0,0,1
21,1,66,1,3,2,0,0,2,0,0,1
21,1,67,4,2,2,0,0,2,0,0,1
21,1,68,1,1,1,0,0,1,0,0,1
21,1,69,2,4,4,0,0,4,0,0,1
21,1,70,2,1,1,0,0,1,0,0,1
21,1,71,3,1,2,0,0,2,0,0,1
21,1,72,1,4,2,0,0,2,0,0,1
21,1,73,1,1,1,0,0,1,0,0,1
21,1,74,2,3,4,0,0,4,0,0,1
21,1,75,4,2,2,0,0,2,0,0,1
21,1,76,4,4,4,0,0,4,0,0,1
21,1,77,4,2,2,0,0,2,0,0,1
21,1,78,3,2,1,0,0,1,0,0,1
21,1,79,2,2,3,0,0,3,0,0,1
21,1,80,4,4,1,0,0,1,0,0,1
21,1,81,1,4,2,0,0,2,0,0,1
21,1,82,3,1,2,0,0,2,0,0,1
21,1,83,2,2,2,0,0,2,0,0,1
21,1,84,4,1,3,0,0,3,0,0,1
21,1,85,2,3,4,0,0,4,0,0,1
21,1,86,4,1,3,0,0,3,0,0,1
21,1,87,1,2,4,0,0,4,0,0,1
21,1,88,1,4,3,0,0,3,0,0,1
21,1,89,4,4,3,0,0,3,0,0,1
21,1,90,2,4,2,0,0,2,0,0,1
21,1,91,3,1,3,0,0,3,0,0,1
21,1,92,3,2,3,0,0,3,0,0,1
21,1,93,3,1,3,0,0,3,0,0,1
21,1,94,3,4,4,0,0,4,0,0,1
21,1,95,4,1,1,0,0,1,0,0,1
21,1,96,3,3,3,0,0,3,0,0,1
21,1,97,2,1,4,0,0,4,0,0,1
21,1,98,1,1,1,0,0,1,0,0,1
21,1,99,3,2,1,0,0,1,0,0,1
21,1,100,4,3,2,0,0,2,0,0,1
21,1,101,3,4,2,0,0,1,0,0,0
21,1,102,4,3,2,0,0,2,0,0,1
21,1,103,1,3,2,0,0,2,0,0,1
21,1,104,4,2,1,0,0,1,0,0,1
21,1,105,4,1,3,0,0,3,0,0,1
21,1,106,2,4,3,0,0,3,0,0,1
21,1,107,2,1,3,0,0,3,0,0,1
21,1,108,2,4,4,0,0,4,0,0,1
21,1,109,2,1,3,0,0,3,0,0,1
21,1,110,1,2,1,0,0,1,0,0,1
21,1,111,1,2,3,0,0,3,0,0,1
21,1,112,4,2,3,0,0,3,0,0,1
21,1,113,2,1,1,0,0,3,0,0,0
21,1,114,4,3,1,0,0,1,0,0,1
21,1,115,2,2,1,0,0,1,0,0,1
21,1,116,3,4,3,0,0,3,0,0,1
21,1,117,1,3,3,0,0,3,0,0,1
21,1,118,2,3,2,0,0,2,0,0,1
21,1,119,3,1,3,0,0,3,0,0,1
21,1,120,1,1,3,0,0,3,0,0,1
21,1,121,1,4,2,0,0,2,0,0,1
21,1,122,4,1,1,0,0,1,0,0,1
21,1,123,3,1,4,0,0,4,0,0,1
21,1,124,1,2,3,0,0,3,0,0,1
21,1,125,4,3,2,0,0,2,0,0,1
21,1,126,3,1,3,0,0,3,0,0,1
21,1,127,2,2,4,0,0,4,0,0,1
21,1,128,4,3,3,0,0,3,0,0,1
21,1,129,2,4,4,0,0,4,0,0,1
21,1,130,3,4,4,0,0,4,0,0,1
21,1,131,1,2,3,0,0,3,0,0,1
21,1,132,3,3,3,0,0,3,0,0,1
21,1,133,3,3,1,0,0,1,0,0,1
21,1,134,3,3,2,0,0,2,0,0,1
21,1,135,2,2,4,0,0,4,0,0,1
21,1,136,3,1,4,0,0,4,0,0,1
21,1,137,1,1,3,0,0,3,0,0,1
21,1,138,2,1,1,0,0,1,0,0,1
21,1,139,2,2,1,0,0,1,0,0,1
21,1,140,2,2,3,0,0,3,0,0,1
21,1,141,4,3,4,0,0,4,0,0,1
21,1,142,4,4,4,0,0,4,0,0,1
21,1,143,2,4,1,0,0,1,0,0,1
21,1,144,3,2,1,0,0,1,0,0,1
21,1,145,3,4,4,0,0,4,0,0,1
21,1,146,1,1,1,0,0,1,0,0,1
21,1,147,2,2,3,0,0,3,0,0,1
21,1,148,4,1,3,0,0,4,0,0,0
21,1,149,3,3,3,0,0,3,0,0,1
21,1,150,2,1,3,0,0,3,0,0,1
21,1,151,4,3,4,0,0,4,0,0,1
21,1,152,3,3,3,0,0,3,0,0,1
21,1,153,1,3,2,0,0,2,0,0,1
21,1,154,2,3,4,0,0,4,0,0,1
21,1,155,3,2,3,0,0,3,0,0,1
21,1,156,3,4,4,4,3,1,0,0,0
21,1,157,3,3,3,3,4,4,1,0,0
21,1,158,1,1,3,1,1,3,1,1,1
21,1,159,4,4,4,4,4,4,1,1,1
21,1,160,3,4,4,3,2,4,1,0,1
53,1,1,1,2,2,0,0,2,0,0,1
53,1,2,2,1,4,0,0,4,0,0,1
53,1,3,3,1,1,0,0,1,0,0,1
53,1,4,1,1,2,0,0,2,0,0,1
53,1,5,4,1,2,0,0,2,0,0,1
53,1,6,3,4,4,0,0,4,0,0,1
53,1,7,3,3,4,0,0,4,0,0,1
53,1,8,1,1,2,0,0,1,0,0,0
53,1,9,4,4,1,0,0,1,0,0,1
53,1,10,3,2,3,0,0,3,0,0,1
53,1,11,2,4,3,0,0,3,0,0,1
53,1,12,4,1,3,0,0,3,0,0,1
53,1,13,2,3,4,0,0,4,0,0,1
53,1,14,3,4,4,0,0,4,0,0,1
53,1,15,4,1,3,0,0,3,0,0,1
53,1,16,1,2,1,0,0,1,0,0,1
53,1,17,3,1,3,0,0,3,0,0,1
53,1,18,2,4,3,0,0,3,0,0,1
53,1,19,1,2,4,0,0,4,0,0,1
53,1,20,4,1,4,0,0,4,0,0,1
53,1,21,4,2,4,0,0,4,0,0,1
53,1,22,3,2,2,0,0,2,0,0,1
53,1,23,4,1,4,0,0,4,0,0,1
53,1,24,3,2,1,0,0,1,0,0,1
53,1,25,3,1,1,0,0,1,0,0,1
53,1,26,4,3,2,0,0,2,0,0,1
53,1,27,4,1,3,0,0,3,0,0,1
53,1,28,4,4,2,0,0,2,0,0,1
53,1,29,1,4,4,0,0,4,0,0,1
53,1,30,1,2,3,0,0,3,0,0,1
53,1,31,1,2,3,0,0,3,0,0,1
53,1,32,3,4,3,0,0,3,0,0,1
53,1,33,1,3,4,0,0,4,0,0,1
53,1,34,3,1,1,0,0,1,0,0,1
53,1,35,3,4,3,0,0,3,0,0,1
53,1,36,3,3,4,0,0,4,0,0,1
53,1,37,1,3,3,0,0,3,0,0,1
53,1,38,4,3,3,0,0,3,0,0,1
53,1,39,2,2,4,0,0,4,0,0,1
53,1,40,4,4,2,0,0,2,0,0,1
53,1,41,3,2,1,0,0,1,0,0,1
53,1,42,3,2,1,0,0,1,0,0,1
53,1,43,1,4,3,0,0,3,0,0,1
53,1,44,2,2,1,0,0,1,0,0,1
53,1,45,3,1,1,0,0,1,0,0,1
53,1,46,2,3,2,0,0,2,0,0,1
53,1,47,3,2,2,0,0,2,0,0,1
53,1,48,3,3,1,0,0,1,0,0,1
53,1,49,2,1,1,0,0,1,0,0,1
53,1,50,3,2,2,0,0,2,0,0,1
53,1,51,1,4,2,0,0,2,0,0,1
53,1,52,4,2,4,0,0,4,0,0,1
53,1,53,4,4,1,0,0,1,0,0,1
53,1,54,3,4,3,0,0,3,0,0,1
53,1,55,2,1,3,0,0,3,0,0,1
53,1,56,2,1,3,0,0,3,0,0,1
53,1,57,3,3,1,0,0,1,0,0,1
53,1,58,1,4,4,0,0,4,0,0,1
53,1,59,1,2,1,0,0,1,0,0,1
53,1,60,4,2,3,0,0,3,0,0,1
53,1,61,2,4,1,0,0,1,0,0,1
53,1,62,4,4,3,0,0,3,0,0,1
53,1,63,4,4,2,0,0,2,0,0,1
53,1,64,4,2,1,0,0,1,0,0,1
53,1,65,3,1,1,0,0,1,0,0,1
53,1,66,3,3,3,0,0,3,0,0,1
53,1,67,3,1,1,0,0,1,0,0,1
53,1,68,2,4,4,0,0,4,0,0,1
53,1,69,2,3,4,0,0,4,0,0,1
53,1,70,3,4,4,0,0,4,0,0,1
53,1,71,1,3,2,0,0,2,0,0,1
53,1,72,1,4,3,0,0,3,0,0,1
53,1,73,3,3,4,0,0,4,0,0,1
53,1,74,1,3,1,0,0,1,0,0,1
53,1,75,3,4,4,0,0,4,0,0,1
53,1,76,4,1,4,0,0,4,0,0,1
53,1,77,3,1,1,0,0,1,0,0,1
53,1,78,3,1,2,0,0,2,0,0,1
53,1,79,1,3,3,0,0,3,0,0,1
53,1,80,1,3,3,0,0,3,0,0,1
53,1,81,4,3,2,0,0,2,0,0,1
53,1,82,4,3,3,0,0,3,0,0,1
53,1,83,4,1,3,0,0,3,0,0,1
53,1,84,4,3,3,0,0,3,0,0,1
53,1,85,4,1,3,0,0,3,0,0,1
53,1,86,1,4,2,0,0,2,0,0,1
53,1,87,2,3,1,0,0,1,0,0,1
53,1,88,2,4,3,0,0,3,0,0,1
53,1,89,2,3,1,0,0,1,0,0,1
53,1,90,2,1,3,0,0,3,0,0,1
53,1,91,4,2,2,0,0,2,0,0,1
53,1,92,3,2,4,0,0,4,0,0,1
53,1,93,2,2,4,0,0,4,0,0,1
53,1,94,3,3,2,0,0,2,0,0,1
53,1,95,2,3,1,0,0,1,0,0,1
53,1,96,2,2,2,0,0,2,0,0,1
53,1,97,2,3,4,0,0,4,0,0,1
53,1,98,2,1,1,0,0,1,0,0,1
53,1,99,1,2,1,0,0,1,0,0,1
53,1,100,2,1,2,0,0,2,0,0,1
53,1,101,1,3,4,0,0,4,0,0,1
53,1,102,4,3,4,0,0,4,0,0,1
53,1,103,3,4,2,0,0,2,0,0,1
53,1,104,1,2,2,0,0,2,0,0,1
53,1,105,1,1,2,0,0,2,0,0,1
53,1,106,3,4,1,0,0,1,0,0,1
53,1,107,4,3,2,0,0,2,0,0,1
53,1,108,4,2,1,0,0,1,0,0,1
53,1,109,4,1,2,0,0,2,0,0,1
53,1,110,2,1,4,0,0,4,0,0,1
53,1,111,4,2,1,0,0,1,0,0,1
53,1,112,4,2,2,0,0,2,0,0,1
53,1,113,1,4,2,0,0,2,0,0,1
53,1,114,2,2,3,0,0,3,0,0,1
53,1,115,4,4,4,0,0,4,0,0,1
53,1,116,2,4,1,0,0,1,0,0,1
53,1,117,4,4,4,0,0,4,0,0,1
53,1,118,4,2,1,0,0,1,0,0,1
53,1,119,4,3,4,0,0,4,0,0,1
53,1,120,2,1,4,0,0,4,0,0,1
53,1,121,2,3,3,0,0,3,0,0,1
53,1,122,1,4,2,0,0,2,0,0,1
53,1,123,1,1,3,0,0,3,0,0,1
53,1,124,4,4,3,0,0,3,0,0,1
53,1,125,4,2,1,0,0,1,0,0,1
53,1,126,2,3,2,0,0,2,0,0,1
53,1,127,3,1,3,0,0,3,0,0,1
53,1,128,2,2,4,0,0,4,0,0,1
53,1,129,3,4,3,0,0,3,0,0,1
53,1,130,2,2,1,0,0,1,0,0,1
53,1,131,1,3,4,0,0,4,0,0,1
53,1,132,3,3,2,0,0,2,0,0,1
53,1,133,4,3,1,0,0,1,0,0,1
53,1,134,2,2,4,0,0,4,0,0,1
53,1,135,1,1,2,0,0,2,0,0,1
53,1,136,1,4,2,0,0,2,0,0,1
53,1,137,1,1,1,0,0,1,0,0,1
53,1,138,4,3,1,0,0,1,0,0,1
53,1,139,4,4,2,0,0,2,0,0,1
53,1,140,1,1,3,0,0,3,0,0,1
53,1,141,2,3,2,0,0,2,0,0,1
53,1,142,2,2,2,0,0,2,0,0,1
53,1,143,1,1,3,0,0,3,0,0,1
53,1,144,3,3,1,0,0,1,0,0,1
53,1,145,2,2,4,0,0,4,0,0,1
53,1,146,1,1,4,0,0,4,0,0,1
53,1,147,3,2,3,0,0,3,0,0,1
53,1,148,1,3,2,0,0,2,0,0,1
53,1,149,2,1,3,0,0,3,0,0,1
53,1,150,2,4,3,0,0,3,0,0,1
53,1,151,3,2,2,0,0,2,0,0,1
53,1,152,2,4,3,0,0,3,0,0,1
53,1,153,1,3,2,0,0,2,0,0,1
53,1,154,2,4,4,0,0,4,0,0,1
53,1,155,1,1,1,0,0,1,0,0,1
53,1,156,1,2,4,3,4,4,0,0,1
53,1,157,3,3,2,3,3,2,1,1,1
53,1,158,1,4,1,1,4,1,1,1,1
53,1,159,1,2,3,1,2,3,1,1,1
53,1,160,2,4,3,2,4,3,1,1,1
54,1,1,2,4,2,0,0,2,0,0,1
54,1,2,1,4,1,0,0,1,0,0,1
54,1,3,2,4,2,0,0,2,0,0,1
54,1,4,3,2,3,0,0,3,0,0,1
54,1,5,4,1,4,0,0,4,0,0,1
54,1,6,1,3,2,0,0,2,0,0,1
54,1,7,4,1,2,0,0,2,0,0,1
54,1,8,4,4,2,0,0,2,0,0,1
54,1,9,1,3,4,0,0,4,0,0,1
54,1,10,1,4,4,0,0,4,0,0,1
54,1,11,2,3,3,0,0,3,0,0,1
54,1,12,3,3,3,0,0,3,0,0,1
54,1,13,4,1,2,0,0,2,0,0,1
54,1,14,1,4,1,0,0,1,0,0,1
54,1,15,4,2,3,0,0,3,0,0,1
54,1,16,3,3,1,0,0,1,0,0,1
54,1,17,1,3,4,0,0,4,0,0,1
54,1,18,4,2,4,0,0,4,0,0,1
54,1,19,4,1,2,0,0,2,0,0,1
54,1,20,3,1,2,0,0,2,0,0,1
54,1,21,4,4,2,0,0,2,0,0,1
54,1,22,1,4,4,0,0,4,0,0,1
54,1,23,1,2,3,0,0,3,0,0,1
54,1,24,1,3,1,0,0,1,0,0,1
54,1,25,3,2,4,0,0,4,0,0,1
54,1,26,3,1,3,0,0,3,0,0,1
54,1,27,2,4,1,0,0,1,0,0,1
54,1,28,1,4,2,0,0,2,0,0,1
54,1,29,3,2,2,0,0,2,0,0,1
54,1,30,2,3,1,0,0,1,0,0,1
54,1,31,1,2,3,0,0,3,0,0,1
54,1,32,2,4,4,0,0,4,0,0,1
54,1,33,2,3,2,0,0,2,0,0,1
54,1,34,4,1,3,0,0,3,0,0,1
54,1,35,2,3,2,0,0,2,0,0,1
54,1,36,3,1,1,0,0,1,0,0,1
54,1,37,4,3,3,0,0,3,0,0,1
54,1,38,2,2,3,0,0,3,0,0,1
54,1,39,2,1,1,0,0,1,0,0,1
54,1,40,2,2,3,0,0,3,0,0,1
54,1,41,3,2,1,0,0,1,0,0,1
54,1,42,1,2,2,0,0,2,0,0,1
54,1,43,1,2,4,0,0,4,0,0,1
54,1,44,3,2,3,0,0,3,0,0,1
54,1,45,1,4,4,0,0,4,0,0,1
54,1,46,1,4,3,0,0,3,0,0,1
54,1,47,2,2,4,0,0,4,0,0,1
54,1,48,4,3,3,0,0,3,0,0,1
54,1,49,1,1,4,0,0,4,0,0,1
54,1,50,2,3,1,0,0,1,0,0,1
54,1,51,2,1,4,0,0,4,0,0,1
54,1,52,4,2,1,0,0,1,0,0,1
54,1,53,4,4,3,0,0,3,0,0,1
54,1,54,4,2,3,0,0,3,0,0,1
54,1,55,2,3,2,0,0,2,0,0,1
54,1,56,2,2,4,0,0,4,0,0,1
54,1,57,2,1,1,0,0,1,0,0,1
54,1,58,2,1,3,0,0,3,0,0,1
54,1,59,1,1,3,0,0,3,0,0,1
54,1,60,2,4,4,0,0,4,0,0,1
54,1,61,3,3,4,0,0,4,0,0,1
54,1,62,4,4,1,0,0,1,0,0,1
54,1,63,1,4,2,0,0,2,0,0,1
54,1,64,2,1,2,0,0,2,0,0,1
54,1,65,3,4,2,0,0,2,0,0,1
54,1,66,1,1,3,0,0,3,0,0,1
54,1,67,3,4,3,0,0,3,0,0,1
54,1,68,3,4,3,0,0,3,0,0,1
54,1,69,1,3,3,0,0,3,0,0,1
54,1,70,2,1,1,0,0,1,0,0,1
54,1,71,3,2,1,0,0,1,0,0,1
54,1,72,4,3,1,0,0,1,0,0,1
54,1,73,4,3,4,0,0,4,0,0,1
54,1,74,3,3,4,0,0,4,0,0,1
54,1,75,4,2,1,0,0,1,0,0,1
54,1,76,3,3,3,0,0,3,0,0,1
54,1,77,1,1,1,0,0,1,0,0,1
54,1,78,3,1,2,0,0,2,0,0,1
54,1,79,1,1,2,0,0,2,0,0,1
54,1,80,3,1,3,0,0,3,0,0,1
54,1,81,3,3,3,0,0,3,0,0,1
54,1,82,3,2,4,0,0,4,0,0,1
54,1,83,4,1,2,0,0,2,0,0,1
54,1,84,3,3,2,0,0,2,0,0,1
54,1,85,1,4,1,0,0,1,0,0,1
54,1,86,4,3,1,0,0,1,0,0,1
54,1,87,2,2,2,0,0,2,0,0,1
54,1,88,1,2,1,0,0,1,0,0,1
54,1,89,2,3,2,0,0,2,0,0,1
54,1,90,2,4,2,0,0,2,0,0,1
54,1,91,1,2,3,0,0,3,0,0,1
54,1,92,3,1,3,0,0,3,0,0,1
54,1,93,4,1,2,0,0,2,0,0,1
54,1,94,1,2,3,0,0,3,0,0,1
54,1,95,2,2,3,0,0,3,0,0,1
54,1,96,1,3,3,0,0,3,0,0,1
54,1,97,3,4,4,0,0,4,0,0,1
54,1,98,3,4,3,0,0,3,0,0,1
54,1,99,2,1,4,0,0,4,0,0,1
54,1,100,4,2,1,0,0,1,0,0,1
54,1,101,2,4,4,0,0,4,0,0,1
54,1,102,1,4,4,0,0,4,0,0,1
54,1,103,1,3,3,0,0,3,0,0,1
54,1,104,4,3,1,0,0,1,0,0,1
54,1,105,3,2,2,0,0,2,0,0,1
54,1,106,1,1,3,0,0,3,0,0,1
54,1,107,4,4,3,0,0,3,0,0,1
54,1,108,3,2,3,0,0,3,0,0,1
54,1,109,1,1,4,0,0,4,0,0,1
54,1,110,3,1,1,0,0,1,0,0,1
54,1,111,4,2,3,0,0,3,0,0,1
54,1,112,1,1,2,0,0,1,0,0,0
54,1,113,4,4,1,0,0,1,0,0,1
54,1,114,1,2,1,0,0,1,0,0,1
54,1,115,4,4,3,0,0,3,0,0,1
54,1,116,3,3,3,0,0,3,0,0,1
54,1,117,2,3,4,0,0,4,0,0,1
54,1,118,3,1,4,0,0,4,0,0,1
54,1,119,3,4,4,0,0,4,0,0,1
54,1,120,2,4,2,0,0,2,0,0,1
54,1,121,1,2,4,0,0,4,0,0,1
54,1,122,3,1,4,0,0,4,0,0,1
54,1,123,4,4,3,0,0,3,0,0,1
54,1,124,2,2,1,0,0,1,0,0,1
54,1,125,2,4,1,0,0,1,0,0,1
54,1,126,4,1,4,0,0,4,0,0,1
54,1,127,3,3,1,0,0,1,0,0,1
54,1,128,3,4,2,0,0,2,0,0,1
54,1,129,4,3,3,0,0,3,0,0,1
54,1,130,4,1,4,0,0,4,0,0,1
54,1,131,4,3,4,0,0,4,0,0,1
54,1,132,1,3,2,0,0,2,0,0,1
54,1,133,3,4,1,0,0,1,0,0,1
54,1,134,4,3,4,0,0,4,0,0,1
54,1,135,3,3,4,0,0,4,0,0,1
54,1,136,4,4,4,0,0,4,0,0,1
54,1,137,2,2,4,0,0,4,0,0,1
54,1,138,2,4,3,0,0,3,0,0,1
54,1,139,3,2,4,0,0,4,0,0,1
54,1,140,2,1,1,0,0,1,0,0,1
54,1,141,4,1,3,0,0,3,0,0,1
54,1,142,1,3,3,0,0,3,0,0,1
54,1,143,4,4,1,0,0,1,0,0,1
54,1,144,3,1,3,0,0,3,0,0,1
54,1,145,3,4,4,0,0,4,0,0,1
54,1,146,2,2,4,0,0,4,0,0,1
54,1,147,1,3,3,0,0,3,0,0,1
54,1,148,1,2,3,0,0,3,0,0,1
54,1,149,2,3,4,0,0,4,0,0,1
54,1,150,1,1,4,0,0,4,0,0,1
54,1,151,1,1,3,0,0,3,0,0,1
54,1,152,2,1,1,0,0,1,0,0,1
54,1,153,4,2,3,0,0,3,0,0,1
54,1,154,2,3,2,0,0,2,0,0,1
54,1,155,4,3,3,0,0,3,0,0,1
54,1,156,4,2,3,2,3,3,0,0,1
54,1,157,3,4,2,3,4,2,1,1,1
54,1,158,2,2,2,2,2,2,1,1,1
54,1,159,4,2,3,4,2,3,1,1,1
54,1,160,2,1,2,2,1,2,1,1,1
55,1,1,3,3,1,0,0,1,0,0,1
55,1,2,4,1,4,0,0,4,0,0,1
55,1,3,3,1,4,0,0,4,0,0,1
55,1,4,3,3,4,0,0,4,0,0,1
55,1,5,1,4,1,0,0,1,0,0,1
55,1,6,4,2,4,0,0,3,0,0,0
55,1,7,4,2,3,0,0,3,0,0,1
55,1,8,3,4,1,0,0,1,0,0,1
55,1,9,3,4,3,0,0,3,0,0,1
55,1,10,1,3,1,0,0,1,0,0,1
55,1,11,3,3,4,0,0,4,0,0,1
55,1,12,1,4,4,0,0,4,0,0,1
55,1,13,3,3,3,0,0,3,0,0,1
55,1,14,4,4,2,0,0,2,0,0,1
55,1,15,1,2,4,0,0,4,0,0,1
55,1,16,1,3,2,0,0,2,0,0,1
55,1,17,4,1,3,0,0,3,0,0,1
55,1,18,3,1,4,0,0,4,0,0,1
55,1,19,1,1,3,0,0,3,0,0,1
55,1,20,4,2,1,0,0,1,0,0,1
55,1,21,2,2,3,0,0,3,0,0,1
55,1,22,3,4,2,0,0,2,0,0,1
55,1,23,1,4,2,0,0,2,0,0,1
55,1,24,4,3,4,0,0,4,0,0,1
55,1,25,2,2,2,0,0,2,0,0,1
55,1,26,2,1,1,0,0,1,0,0,1
55,1,27,2,4,4,0,0,4,0,0,1
55,1,28,4,3,3,0,0,3,0,0,1
55,1,29,2,1,1,0,0,1,0,0,1
55,1,30,2,4,3,0,0,3,0,0,1
55,1,31,3,1,2,0,0,2,0,0,1
55,1,32,3,2,2,0,0,2,0,0,1
55,1,33,2,3,4,0,0,4,0,0,1
55,1,34,2,2,2,0,0,2,0,0,1
55,1,35,1,2,1,0,0,1,0,0,1
55,1,36,4,2,3,0,0,3,0,0,1
55,1,37,3,4,1,0,0,1,0,0,1
55,1,38,2,1,4,0,0,4,0,0,1
55,1,39,4,4,2,0,0,2,0,0,1
55,1,40,1,1,4,0,0,4,0,0,1
55,1,41,3,2,4,0,0,4,0,0,1
55,1,42,1,2,4,0,0,4,0,0,1
55,1,43,2,3,4,0,0,4,0,0,1
55,1,44,2,2,2,0,0,2,0,0,1
55,1,45,1,1,2,0,0,1,0,0,0
55,1,46,4,2,4,0,0,4,0,0,1
55,1,47,2,4,2,0,0,2,0,0,1
55,1,48,4,2,4,0,0,4,0,0,1
55,1,49,1,3,2,0,0,2,0,0,1
55,1,50,3,1,2,0,0,2,0,0,1
55,1,51,4,3,3,0,0,3,0,0,1
55,1,52,1,3,4,0,0,4,0,0,1
55,1,53,1,2,1,0,0,1,0,0,1
55,1,54,1,4,4,0,0,4,0,0,1
55,1,55,4,1,3,0,0,3,0,0,1
55,1,56,3,4,3,0,0,3,0,0,1
55,1,57,1,2,2,0,0,2,0,0,1
55,1,58,2,4,4,0,0,4,0,0,1
55,1,59,3,2,3,0,0,3,0,0,1
55,1,60,2,2,2,0,0,2,0,0,1
55,1,61,2,1,4,0,0,4,0,0,1
55,1,62,4,4,3,0,0,3,0,0,1
55,1,63,4,1,1,0,0,1,0,0,1
55,1,64,4,1,3,0,0,3,0,0,1
55,1,65,3,1,4,0,0,4,0,0,1
55,1,66,3,1,2,0,0,2,0,0,1
55,1,67,1,2,4,0,0,4,0,0,1
55,1,68,1,1,3,0,0,3,0,0,1
55,1,69,3,4,1,0,0,1,0,0,1
55,1,70,3,4,4,0,0,4,0,0,1
55,1,71,4,4,1,0,0,1,0,0,1
55,1,72,4,2,2,0,0,2,0,0,1
55,1,73,1,3,2,0,0,2,0,0,1
55,1,74,2,3,2,0,0,2,0,0,1
55,1,75,4,2,2,0,0,2,0,0,1
55,1,76,1,4,4,0,0,4,0,0,1
55,1,77,4,2,3,0,0,3,0,0,1
55,1,78,4,3,2,0,0,2,0,0,1
55,1,79,1,3,1,0,0,1,0,0,1
55,1,80,4,3,1,0,0,1,0,0,1
55,1,81,2,2,1,0,0,1,0,0,1
55,1,82,2,1,4,0,0,4,0,0,1
55,1,83,3,4,2,0,0,2,0,0,1
55,1,84,4,1,3,0,0,3,0,0,1
55,1,85,2,1,4,0,0,4,0,0,1
55,1,86,3,2,3,0,0,3,0,0,1
55,1,87,4,4,4,0,0,4,0,0,1
55,1,88,3,3,3,0,0,3,0,0,1
55,1,89,1,4,1,0,0,1,0,0,1
55,1,90,2,3,2,0,0,2,0,0,1
55,1,91,2,3,3,0,0,3,0,0,1
55,1,92,2,1,3,0,0,3,0,0,1
55,1,93,1,4,2,0,0,2,0,0,1
55,1,94,2,2,4,0,0,4,0,0,1
55,1,95,3,2,2,0,0,2,0,0,1
55,1,96,2,1,3,0,0,3,0,0,1
55,1,97,3,1,2,0,0,2,0,0,1
55,1,98,1,1,2,0,0,2,0,0,1
55,1,99,2,3,4,0,0,4,0,0,1
55,1,100,4,2,2,0,0,2,0,0,1
55,1,101,4,4,1,0,0,1,0,0,1
55,1,102,4,3,1,0,0,1,0,0,1
55,1,103,4,4,1,0,0,1,0,0,1
55,1,104,1,4,1,0,0,1,0,0,1
55,1,105,3,1,4,0,0,4,0,0,1
55,1,106,4,3,3,0,0,3,0,0,1
55,1,107,1,3,1,0,0,1,0,0,1
55,1,108,4,4,2,0,0,4,0,0,0
55,1,109,4,4,1,0,0,1,0,0,1
55,1,110,1,2,4,0,0,4,0,0,1
55,1,111,1,2,3,0,0,3,0,0,1
55,1,112,1,2,1,0,0,1,0,0,1
55,1,113,4,1,3,0,0,3,0,0,1
55,1,114,3,1,2,0,0,2,0,0,1
55,1,115,2,4,4,0,0,4,0,0,1
55,1,116,2,3,1,0,0,1,0,0,1
55,1,117,2,4,4,0,0,4,0,0,1
55,1,118,1,4,3,0,0,3,0,0,1
55,1,119,2,4,2,0,0,2,0,0,1
55,1,120,2,3,3,0,0,3,0,0,1
55,1,121,1,1,3,0,0,3,0,0,1
55,1,122,3,2,2,0,0,2,0,0,1
55,1,123,2,3,2,0,0,2,0,0,1
55,1,124,1,1,4,0,0,4,0,0,1
55,1,125,2,4,4,0,0,4,0,0,1
55,1,126,1,1,2,0,0,2,0,0,1
55,1,127,4,4,2,0,0,2,0,0,1
55,1,128,3,2,2,0,0,2,0,0,1
55,1,129,4,1,3,0,0,3,0,0,1
55,1,130,3,4,4,0,0,4,0,0,1
55,1,131,3,2,1,0,0,1,0,0,1
55,1,132,3,4,3,0,0,3,0,0,1
55,1,133,2,2,3,0,0,3,0,0,1
55,1,134,4,3,3,0,0,3,0,0,1
55,1,135,3,2,4,0,0,4,0,0,1
55,1,136,1,1,3,0,0,3,0,0,1
55,1,137,1,3,1,0,0,1,0,0,1
55,1,138,2,2,4,0,0,4,0,0,1
55,1,139,1,3,4,0,0,4,0,0,1
55,1,140,1,2,3,0,0,3,0,0,1
55,1,141,1,4,2,0,0,2,0,0,1
55,1,142,4,3,3,0,0,3,0,0,1
55,1,143,3,3,3,0,0,3,0,0,1
55,1,144,3,2,2,0,0,2,0,0,1
55,1,145,4,1,2,0,0,2,0,0,1
55,1,146,2,4,3,0,0,3,0,0,1
55,1,147,4,1,2,0,0,2,0,0,1
55,1,148,3,3,3,0,0,3,0,0,1
55,1,149,3,1,2,0,0,2,0,0,1
55,1,150,4,3,2,0,0,2,0,0,1
55,1,151,3,3,2,0,0,2,0,0,1
55,1,152,2,1,2,0,0,2,0,0,1
55,1,153,2,1,3,0,0,3,0,0,1
55,1,154,2,4,2,0,0,2,0,0,1
55,1,155,3,3,1,0,0,1,0,0,1
55,1,156,1,3,2,2,3,2,0,1,1
55,1,157,3,3,4,3,3,4,1,1,1
55,1,158,1,1,2,1,1,2,1,1,1
55,1,159,2,2,1,2,2,1,1,1,1
55,1,160,2,3,3,2,3,3,1,1,1
56,1,1,4,3,2,0,0,2,0,0,1
56,1,2,3,4,3,0,0,3,0,0,1
56,1,3,1,2,3,0,0,3,0,0,1
56,1,4,2,2,2,0,0,2,0,0,1
56,1,5,2,4,3,0,0,3,0,0,1
56,1,6,2,4,4,0,0,4,0,0,1
56,1,7,1,3,3,0,0,3,0,0,1
56,1,8,4,1,2,0,0,2,0,0,1
56,1,9,2,2,4,0,0,4,0,0,1
56,1,10,2,2,4,0,0,4,0,0,1
56,1,11,2,1,3,0,0,3,0,0,1
56,1,12,2,1,4,0,0,4,0,0,1
56,1,13,1,2,2,0,0,2,0,0,1
56,1,14,4,2,2,0,0,2,0,0,1
56,1,15,2,2,4,0,0,3,0,0,0
56,1,16,2,2,2,0,0,2,0,0,1
56,1,17,3,1,3,0,0,3,0,0,1
56,1,18,2,1,3,0,0,3,0,0,1
56,1,19,1,2,4,0,0,4,0,0,1
56,1,20,4,3,4,0,0,4,0,0,1
56,1,21,1,1,3,0,0,3,0,0,1
56,1,22,2,4,1,0,0,2,0,0,0
56,1,23,3,1,1,0,0,1,0,0,1
56,1,24,2,2,2,0,0,2,0,0,1
56,1,25,2,2,2,0,0,2,0,0,1
56,1,26,3,2,4,0,0,3,0,0,0
56,1,27,1,4,4,0,0,4,0,0,1
56,1,28,3,2,3,0,0,3,0,0,1
56,1,29,3,1,3,0,0,3,0,0,1
56,1,30,2,1,4,0,0,2,0,0,0
56,1,31,1,4,1,0,0,1,0,0,1
56,1,32,1,4,4,0,0,4,0,0,1
56,1,33,4,3,2,0,0,2,0,0,1
56,1,34,3,1,3,0,0,3,0,0,1
56,1,35,3,1,3,0,0,3,0,0,1
56,1,36,1,4,2,0,0,2,0,0,1
56,1,37,3,4,2,0,0,2,0,0,1
56,1,38,4,2,1,0,0,1,0,0,1
56,1,39,1,1,1,0,0,1,0,0,1
56,1,40,3,1,2,0,0,1,0,0,0
56,1,41,2,3,2,0,0,2,0,0,1
56,1,42,1,2,1,0,0,2,0,0,0
56,1,43,2,4,3,0,0,3,0,0,1
56,1,44,4,2,1,0,0,1,0,0,1
56,1,45,1,1,2,0,0,1,0,0,0
56,1,46,3,2,2,0,0,2,0,0,1
56,1,47,2,3,1,0,0,1,0,0,1
56,1,48,3,2,1,0,0,1,0,0,1
56,1,49,2,3,4,0,0,4,0,0,1
56,1,50,2,3,4,0,0,4,0,0,1
56,1,51,2,4,1,0,0,1,0,0,1
56,1,52,3,2,2,0,0,2,0,0,1
56,1,53,1,1,2,0,0,1,0,0,0
56,1,54,4,4,3,0,0,3,0,0,1
56,1,55,3,2,3,0,0,3,0,0,1
56,1,56,4,1,3,0,0,3,0,0,1
56,1,57,1,1,4,0,0,4,0,0,1
56,1,58,3,3,2,0,0,2,0,0,1
56,1,59,2,3,4,0,0,4,0,0,1
56,1,60,3,4,2,0,0,2,0,0,1
56,1,61,2,4,2,0,0,2,0,0,1
56,1,62,4,1,3,0,0,3,0,0,1
56,1,63,3,3,2,0,0,2,0,0,1
56,1,64,4,3,4,0,0,4,0,0,1
56,1,65,2,4,1,0,0,1,0,0,1
56,1,66,4,1,2,0,0,1,0,0,0
56,1,67,1,4,4,0,0,4,0,0,1
56,1,68,3,3,4,0,0,4,0,0,1
56,1,69,4,2,4,0,0,4,0,0,1
56,1,70,1,3,4,0,0,4,0,0,1
56,1,71,4,2,3,0,0,3,0,0,1
56,1,72,2,3,4,0,0,4,0,0,1
56,1,73,1,1,2,0,0,1,0,0,0
56,1,74,1,3,2,0,0,2,0,0,1
56,1,75,2,3,1,0,0,1,0,0,1
56,1,76,3,2,3,0,0,3,0,0,1
56,1,77,4,3,1,0,0,1,0,0,1
56,1,78,1,4,3,0,0,3,0,0,1
56,1,79,4,1,1,0,0,1,0,0,1
56,1,80,3,1,4,0,0,4,0,0,1
56,1,81,4,4,4,0,0,4,0,0,1
56,1,82,4,1,4,0,0,4,0,0,1
56,1,83,1,2,4,0,0,4,0,0,1
56,1,84,1,1,3,0,0,3,0,0,1
56,1,85,3,3,4,0,0,4,0,0,1
56,1,86,1,3,1,0,0,1,0,0,1
56,1,87,2,4,2,0,0,2,0,0,1
56,1,88,1,3,3,0,0,3,0,0,1
56,1,89,3,2,1,0,0,1,0,0,1
56,1,90,3,3,2,0,0,2,0,0,1
56,1,91,1,1,3,0,0,3,0,0,1
56,1,92,4,2,4,0,0,4,0,0,1
56,1,93,2,3,2,0,0,2,0,0,1
56,1,94,2,2,1,0,0,1,0,0,1
56,1,95,2,2,1,0,0,1,0,0,1
56,1,96,4,3,4,0,0,4,0,0,1
56,1,97,3,3,2,0,0,2,0,0,1
56,1,98,2,1,4,0,0,3,0,0,0
56,1,99,2,1,4,0,0,4,0,0,1
56,1,100,2,1,2,0,0,2,0,0,1
56,1,101,2,2,2,0,0,2,0,0,1
56,1,102,2,1,3,0,0,3,0,0,1
56,1,103,1,3,2,0,0,2,0,0,1
56,1,104,1,4,1,0,0,1,0,0,1
56,1,105,2,4,4,0,0,4,0,0,1
56,1,106,4,2,1,0,0,1,0,0,1
56,1,107,3,4,1,0,0,1,0,0,1
56,1,108,1,3,4,0,0,4,0,0,1
56,1,109,3,4,2,0,0,2,0,0,1
56,1,110,2,4,4,0,0,4,0,0,1
56,1,111,1,2,3,0,0,3,0,0,1
56,1,112,3,1,3,0,0,3,0,0,1
56,1,113,1,1,4,0,0,3,0,0,0
56,1,114,1,2,4,0,0,4,0,0,1
56,1,115,4,1,4,0,0,4,0,0,1
56,1,116,2,3,3,0,0,3,0,0,1
56,1,117,4,3,4,0,0,4,0,0,1
56,1,118,3,2,3,0,0,3,0,0,1
56,1,119,1,1,3,0,0,3,0,0,1
56,1,120,3,1,3,0,0,3,0,0,1
56,1,121,4,4,3,0,0,3,0,0,1
56,1,122,3,4,3,0,0,3,0,0,1
56,1,123,4,3,1,0,0,1,0,0,1
56,1,124,3,4,4,0,0,4,0,0,1
56,1,125,1,4,3,0,0,3,0,0,1
56,1,126,2,1,4,0,0,4,0,0,1
56,1,127,3,4,1,0,0,1,0,0,1
56,1,128,3,1,1,0,0,1,0,0,1
56,1,129,4,3,4,0,0,2,0,0,0
56,1,130,3,3,1,0,0,1,0,0,1
56,1,131,3,4,3,0,0,3,0,0,1
56,1,132,4,2,3,0,0,3,0,0,1
56,1,133,4,2,2,0,0,2,0,0,1
56,1,134,4,4,2,0,0,2,0,0,1
56,1,135,4,4,4,0,0,4,0,0,1
56,1,136,1,4,1,0,0,1,0,0,1
56,1,137,4,4,2,0,0,2,0,0,1
56,1,138,4,1,2,0,0,2,0,0,1
56,1,139,3,3,1,0,0,1,0,0,1
56,1,140,4,4,1,0,0,1,0,0,1
56,1,141,3,3,1,0,0,1,0,0,1
56,1,142,3,4,4,0,0,4,0,0,1
56,1,143,1,4,3,0,0,3,0,0,1
56,1,144,4,3,3,0,0,3,0,0,1
56,1,145,3,2,2,0,0,2,0,0,1
56,1,146,4,4,1,0,0,1,0,0,1
56,1,147,1,2,1,0,0,1,0,0,1
56,1,148,4,2,1,0,0,1,0,0,1
56,1,149,4,1,1,0,0,1,0,0,1
56,1,150,1,3,1,0,0,1,0,0,1
56,1,151,2,1,3,0,0,3,0,0,1
56,1,152,4,4,2,0,0,2,0,0,1
56,1,153,3,3,1,0,0,1,0,0,1
56,1,154,4,1,2,0,0,1,0,0,0
56,1,155,1,2,4,0,0,4,0,0,1
56,1,156,1,3,4,3,2,1,0,0,0
56,1,157,4,4,3,1,4,4,0,1,0
56,1,158,1,2,1,1,2,1,1,1,1
56,1,159,1,3,3,1,3,3,1,1,1
56,1,160,2,3,1,2,3,1,1,1,1
57,1,1,4,4,3,0,0,4,0,0,0
57,1,2,3,1,3,0,0,3,0,0,1
57,1,3,1,3,4,0,0,4,0,0,1
57,1,4,1,2,4,0,0,4,0,0,1
57,1,5,3,4,1,0,0,1,0,0,1
57,1,6,2,2,2,0,0,2,0,0,1
57,1,7,3,2,4,0,0,4,0,0,1
57,1,8,1,4,1,0,0,1,0,0,1
57,1,9,1,1,3,0,0,3,0,0,1
57,1,10,2,3,4,0,0,4,0,0,1
57,1,11,4,4,3,0,0,3,0,0,1
57,1,12,3,2,3,0,0,3,0,0,1
57,1,13,3,1,4,0,0,4,0,0,1
57,1,14,3,4,2,0,0,2,0,0,1
57,1,15,1,3,4,0,0,4,0,0,1
57,1,16,3,1,3,0,0,3,0,0,1
57,1,17,1,2,3,0,0,3,0,0,1
57,1,18,1,2,3,0,0,3,0,0,1
57,1,19,1,3,2,0,0,2,0,0,1
57,1,20,3,2,4,0,0,4,0,0,1
57,1,21,2,3,2,0,0,2,0,0,1
57,1,22,2,2,3,0,0,3,0,0,1
57,1,23,1,1,2,0,0,2,0,0,1
57,1,24,4,2,4,0,0,4,0,0,1
57,1,25,2,2,4,0,0,4,0,0,1
57,1,26,2,2,1,0,0,1,0,0,1
57,1,27,1,2,4,0,0,4,0,0,1
57,1,28,4,3,4,0,0,4,0,0,1
57,1,29,1,4,2,0,0,2,0,0,1
57,1,30,4,3,4,0,0,4,0,0,1
57,1,31,2,4,3,0,0,3,0,0,1
57,1,32,3,2,3,0,0,3,0,0,1
57,1,33,1,2,4,0,0,4,0,0,1
57,1,34,4,1,4,0,0,4,0,0,1
57,1,35,3,3,3,0,0,3,0,0,1
57,1,36,1,3,1,0,0,1,0,0,1
57,1,37,2,2,4,0,0,4,0,0,1
57,1,38,4,2,2,0,0,2,0,0,1
57,1,39,4,1,3,0,0,3,0,0,1
57,1,40,3,4,1,0,0,1,0,0,1
57,1,41,3,2,3,0,0,3,0,0,1
57,1,42,4,2,3,0,0,3,0,0,1
57,1,43,1,2,1,0,0,1,0,0,1
57,1,44,1,1,1,0,0,1,0,0,1
57,1,45,3,4,3,0,0,3,0,0,1
57,1,46,4,2,3,0,0,3,0,0,1
57,1,47,2,2,1,0,0,1,0,0,1
57,1,48,2,2,2,0,0,2,0,0,1
57,1,49,2,4,2,0,0,2,0,0,1
57,1,50,2,1,2,0,0,2,0,0,1
57,1,51,2,3,1,0,0,1,0,0,1
57,1,52,3,3,1,0,0,1,0,0,1
57,1,53,1,1,1,0,0,1,0,0,1
57,1,54,1,3,3,0,0,3,0,0,1
57,1,55,4,3,1,0,0,1,0,0,1
57,1,56,4,2,2,0,0,2,0,0,1
57,1,57,3,1,4,0,0,4,0,0,1
57,1,58,1,3,2,0,0,2,0,0,1
57,1,59,3,3,3,0,0,3,0,0,1
57,1,60,1,2,4,0,0,4,0,0,1
57,1,61,1,4,1,0,0,1,0,0,1
57,1,62,2,3,2,0,0,2,0,0,1
57,1,63,1,3,2,0,0,2,0,0,1
57,1,64,3,2,2,0,0,2,0,0,1
57,1,65,3,4,2,0,0,2,0,0,1
57,1,66,1,3,2,0,0,2,0,0,1
57,1,67,3,1,4,0,0,4,0,0,1
57,1,68,1,2,1,0,0,1,0,0,1
57,1,69,1,2,2,0,0,2,0,0,1
57,1,70,2,1,1,0,0,1,0,0,1
57,1,71,4,2,3,0,0,3,0,0,1
57,1,72,2,3,3,0,0,3,0,0,1
57,1,73,3,4,1,0,0,1,0,0,1
57,1,74,4,1,3,0,0,3,0,0,1
57,1,75,4,1,3,0,0,3,0,0,1
57,1,76,4,2,1,0,0,1,0,0,1
57,1,77,1,4,1,0,0,1,0,0,1
57,1,78,2,3,3,0,0,3,0,0,1
57,1,79,4,1,2,0,0,2,0,0,1
57,1,80,1,1,2,0,0,2,0,0,1
57,1,81,2,3,4,0,0,4,0,0,1
57,1,82,3,4,2,0,0,2,0,0,1
57,1,83,3,1,2,0,0,2,0,0,1
57,1,84,4,1,3,0,0,3,0,0,1
57,1,85,2,1,3,0,0,3,0,0,1
57,1,86,4,4,2,0,0,2,0,0,1
57,1,87,3,3,3,0,0,3,0,0,1
57,1,88,2,1,4,0,0,4,0,0,1
57,1,89,4,1,1,0,0,1,0,0,1
57,1,90,2,4,3,0,0,3,0,0,1
57,1,91,1,3,1,0,0,1,0,0,1
57,1,92,4,3,1,0,0,1,0,0,1
57,1,93,1,1,4,0,0,4,0,0,1
57,1,94,2,4,4,0,0,4,0,0,1
57,1,95,1,4,1,0,0,1,0,0,1
57,1,96,3,3,2,0,0,2,0,0,1
57,1,97,3,3,1,0,0,1,0,0,1
57,1,98,3,4,4,0,0,4,0,0,1
57,1,99,2,4,3,0,0,3,0,0,1
57,1,100,2,4,4,0,0,4,0,0,1
57,1,101,2,1,3,0,0,3,0,0,1
57,1,102,4,4,2,0,0,2,0,0,1
57,1,103,1,4,4,0,0,3,0,0,0
57,1,104,4,4,3,0,0,3,0,0,1
57,1,105,3,1,4,0,0,4,0,0,1
57,1,106,1,4,1,0,0,1,0,0,1
57,1,107,4,3,1,0,0,1,0,0,1
57,1,108,2,1,3,0,0,3,0,0,1
57,1,109,2,1,3,0,0,3,0,0,1
57,1,110,4,4,2,0,0,2,0,0,1
57,1,111,3,2,3,0,0,3,0,0,1
57,1,112,4,3,4,0,0,4,0,0,1
57,1,113,3,3,2,0,0,2,0,0,1
57,1,114,2,4,3,0,0,3,0,0,1
57,1,115,4,3,3,0,0,3,0,0,1
57,1,116,4,2,4,0,0,4,0,0,1
57,1,117,3,1,3,0,0,3,0,0,1
57,1,118,4,1,1,0,0,1,0,0,1
57,1,119,1,1,3,0,0,3,0,0,1
57,1,120,4,3,3,0,0,3,0,0,1
57,1,121,3,3,4,0,0,4,0,0,1
57,1,122,2,2,2,0,0,2,0,0,1
57,1,123,2,4,4,0,0,4,0,0,1
57,1,124,4,4,3,0,0,3,0,0,1
57,1,125,4,3,4,0,0,4,0,0,1
57,1,126,4,4,3,0,0,3,0,0,1
57,1,127,3,1,3,0,0,3,0,0,1
57,1,128,3,2,2,0,0,2,0,0,1
57,1,129,4,1,2,0,0,2,0,0,1
57,1,130,2,2,2,0,0,2,0,0,1
57,1,131,2,4,4,0,0,4,0,0,1
57,1,132,4,2,2,0,0,2,0,0,1
57,1,133,3,4,4,0,0,4,0,0,1
57,1,134,2,1,3,0,0,3,0,0,1
57,1,135,4,2,3,0,0,3,0,0,1
57,1,136,3,3,1,0,0,1,0,0,1
57,1,137,3,2,4,0,0,4,0,0,1
57,1,138,2,3,4,0,0,4,0,0,1
57,1,139,1,4,1,0,0,1,0,0,1
57,1,140,3,3,2,0,0,2,0,0,1
57,1,141,2,1,4,0,0,4,0,0,1
57,1,142,2,4,2,0,0,2,0,0,1
57,1,143,4,1,3,0,0,3,0,0,1
57,1,144,4,4,4,0,0,4,0,0,1
57,1,145,2,1,1,0,0,1,0,0,1
57,1,146,1,1,1,0,0,1,0,0,1
57,1,147,2,2,1,0,0,1,0,0,1
57,1,148,4,3,3,0,0,3,0,0,1
57,1,149,1,4,3,0,0,3,0,0,1
57,1,150,3,4,1,0,0,1,0,0,1
57,1,151,2,3,1,0,0,1,0,0,1
57,1,152,3,1,2,0,0,2,0,0,1
57,1,153,1,1,2,0,0,2,0,0,1
57,1,154,1,2,2,0,0,2,0,0,1
57,1,155,3,2,2,0,0,2,0,0,1
57,1,156,4,4,2,3,4,2,0,1,1
57,1,157,1,1,1,1,1,1,1,1,1
57,1,158,1,4,3,1,4,3,1,1,1
57,1,159,1,3,2,1,3,2,1,1,1
57,1,160,2,3,2,2,3,2,1,1,1
58,1,1,2,2,3,0,0,3,0,0,1
58,1,2,4,4,2,0,0,2,0,0,1
58,1,3,2,1,4,0,0,4,0,0,1
58,1,4,4,1,1,0,0,1,0,0,1
58,1,5,3,1,3,0,0,3,0,0,1
58,1,6,3,3,4,0,0,4,0,0,1
58,1,7,3,1,1,0,0,1,0,0,1
58,1,8,1,1,3,0,0,3,0,0,1
58,1,9,1,1,2,0,0,2,0,0,1
58,1,10,1,4,2,0,0,2,0,0,1
58,1,11,1,3,1,0,0,1,0,0,1
58,1,12,1,2,4,0,0,4,0,0,1
58,1,13,2,3,3,0,0,3,0,0,1
58,1,14,2,3,3,0,0,3,0,0,1
58,1,15,1,3,1,0,0,1,0,0,1
58,1,16,4,3,1,0,0,1,0,0,1
58,1,17,2,4,4,0,0,4,0,0,1
58,1,18,3,4,3,0,0,3,0,0,1
58,1,19,1,3,2,0,0,2,0,0,1
58,1,20,3,1,2,0,0,2,0,0,1
58,1,21,4,2,1,0,0,1,0,0,1
58,1,22,3,2,3,0,0,3,0,0,1
58,1,23,2,4,3,0,0,3,0,0,1
58,1,24,3,3,4,0,0,4,0,0,1
58,1,25,2,2,3,0,0,3,0,0,1
58,1,26,4,2,1,0,0,1,0,0,1
58,1,27,4,2,3,0,0,3,0,0,1
58,1,28,1,2,3,0,0,3,0,0,1
58,1,29,2,3,4,0,0,4,0,0,1
58,1,30,1,2,4,0,0,4,0,0,1
58,1,31,3,4,3,0,0,3,0,0,1
58,1,32,2,3,3,0,0,3,0,0,1
58,1,33,4,1,1,0,0,1,0,0,1
58,1,34,2,2,4,0,0,4,0,0,1
58,1,35,2,2,3,0,0,3,0,0,1
58,1,36,1,1,4,0,0,4,0,0,1
58,1,37,2,1,2,0,0,2,0,0,1
58,1,38,1,3,2,0,0,2,0,0,1
58,1,39,1,4,1,0,0,1,0,0,1
58,1,40,3,2,1,0,0,1,0,0,1
58,1,41,1,1,2,0,0,2,0,0,1
58,1,42,1,3,1,0,0,1,0,0,1
58,1,43,2,2,3,0,0,3,0,0,1
58,1,44,4,3,3,0,0,3,0,0,1
58,1,45,3,1,1,0,0,1,0,0,1
58,1,46,3,2,2,0,0,2,0,0,1
58,1,47,4,4,4,0,0,4,0,0,1
58,1,48,1,2,3,0,0,3,0,0,1
58,1,49,4,3,3,0,0,3,0,0,1
58,1,50,1,4,1,0,0,1,0,0,1
58,1,51,3,4,2,0,0,2,0,0,1
58,1,52,1,3,1,0,0,1,0,0,1
58,1,53,3,3,3,0,0,3,0,0,1
58,1,54,2,1,2,0,0,2,0,0,1
58,1,55,1,4,4,0,0,4,0,0,1
58,1,56,2,4,4,0,0,4,0,0,1
58,1,57,4,3,2,0,0,2,0,0,1
58,1,58,2,2,1,0,0,1,0,0,1
58,1,59,4,3,3,0,0,3,0,0,1
58,1,60,3,2,3,0,0,3,0,0,1
58,1,61,2,4,2,0,0,2,0,0,1
58,1,62,2,3,2,0,0,2,0,0,1
58,1,63,1,1,2,0,0,2,0,0,1
58,1,64,1,2,2,0,0,2,0,0,1
58,1,65,4,4,1,0,0,1,0,0,1
58,1,66,4,2,2,0,0,2,0,0,1
58,1,67,2,4,2,0,0,2,0,0,1
58,1,68,4,4,3,0,0,3,0,0,1
58,1,69,3,1,3,0,0,3,0,0,1
58,1,70,1,4,2,0,0,2,0,0,1
58,1,71,3,3,3,0,0,3,0,0,1
58,1,72,4,2,4,0,0,4,0,0,1
58,1,73,1,3,3,0,0,3,0,0,1
58,1,74,1,3,1,0,0,1,0,0,1
58,1,75,2,3,2,0,0,2,0,0,1
58,1,76,2,1,4,0,0,4,0,0,1
58,1,77,3,2,3,0,0,3,0,0,1
58,1,78,2,4,3,0,0,3,0,0,1
58,1,79,3,2,3,0,0,3,0,0,1
58,1,80,1,3,2,0,0,2,0,0,1
58,1,81,1,2,2,0,0,2,0,0,1
58,1,82,3,4,2,0,0,2,0,0,1
58,1,83,3,2,3,0,0,3,0,0,1
58,1,84,1,2,1,0,0,1,0,0,1
58,1,85,4,1,2,0,0,2,0,0,1
58,1,86,2,1,3,0,0,3,0,0,1
58,1,87,3,4,2,0,0,2,0,0,1
58,1,88,2,3,4,0,0,4,0,0,1
58,1,89,4,4,2,0,0,2,0,0,1
58,1,90,1,2,1,0,0,1,0,0,1
58,1,91,4,1,4,0,0,4,0,0,1
58,1,92,3,4,1,0,0,1,0,0,1
58,1,93,2,4,2,0,0,2,0,0,1
58,1,94,2,1,3,0,0,3,0,0,1
58,1,95,3,3,1,0,0,1,0,0,1
58,1,96,2,2,2,0,0,2,0,0,1
58,1,97,4,3,4,0,0,4,0,0,1
58,1,98,4,2,3,0,0,3,0,0,1
58,1,99,3,3,4,0,0,4,0,0,1
58,1,100,4,2,4,0,0,4,0,0,1
58,1,101,2,3,2,0,0,2,0,0,1
58,1,102,2,2,2,0,0,2,0,0,1
58,1,103,4,3,3,0,0,3,0,0,1
58,1,104,1,1,3,0,0,3,0,0,1
58,1,105,2,4,2,0,0,2,0,0,1
58,1,106,2,4,1,0,0,1,0,0,1
58,1,107,3,1,1,0,0,1,0,0,1
58,1,108,1,1,2,0,0,2,0,0,1
58,1,109,3,4,1,0,0,1,0,0,1
58,1,110,3,3,2,0,0,2,0,0,1
58,1,111,1,1,3,0,0,3,0,0,1
58,1,112,2,4,2,0,0,2,0,0,1
58,1,113,1,1,4,0,0,4,0,0,1
58,1,114,4,1,3,0,0,3,0,0,1
58,1,115,3,4,1,0,0,1,0,0,1
58,1,116,2,1,2,0,0,1,0,0,0
58,1,117,1,4,2,0,0,2,0,0,1
58,1,118,3,1,3,0,0,3,0,0,1
58,1,119,3,3,2,0,0,2,0,0,1
58,1,120,1,2,2,0,0,4,0,0,0
58,1,121,1,4,3,0,0,3,0,0,1
58,1,122,3,3,2,0,0,2,0,0,1
58,1,123,4,3,4,0,0,4,0,0,1
58,1,124,2,2,4,0,0,4,0,0,1
58,1,125,3,1,3,0,0,3,0,0,1
58,1,126,4,1,1,0,0,1,0,0,1
58,1,127,4,2,3,0,0,3,0,0,1
58,1,128,3,2,3,0,0,3,0,0,1
58,1,129,2,1,2,0,0,1,0,0,0
58,1,130,1,2,4,0,0,4,0,0,1
58,1,131,1,4,3,0,0,3,0,0,1
58,1,132,4,3,4,0,0,4,0,0,1
58,1,133,3,1,1,0,0,1,0,0,1
58,1,134,4,4,2,0,0,2,0,0,1
58,1,135,4,1,4,0,0,4,0,0,1
58,1,136,2,1,2,0,0,2,0,0,1
58,1,137,3,4,3,0,0,3,0,0,1
58,1,138,1,4,3,0,0,3,0,0,1
58,1,139,1,1,1,0,0,1,0,0,1
58,1,140,3,2,2,0,0,2,0,0,1
58,1,141,4,3,4,0,0,4,0,0,1
58,1,142,4,2,1,0,0,1,0,0,1
58,1,143,4,4,3,0,0,3,0,0,1
58,1,144,2,3,3,0,0,3,0,0,1
58,1,145,4,2,1,0,0,1,0,0,1
58,1,146,1,3,2,0,0,2,0,0,1
58,1,147,4,1,2,0,0,2,0,0,1
58,1,148,4,1,4,0,0,4,0,0,1
58,1,149,1,4,2,0,0,2,0,0,1
58,1,150,4,4,4,0,0,4,0,0,1
58,1,151,4,4,1,0,0,1,0,0,1
58,1,152,2,2,1,0,0,1,0,0,1
58,1,153,3,4,3,0,0,3,0,0,1
58,1,154,4,1,4,0,0,4,0,0,1
58,1,155,3,2,2,0,0,2,0,0,1
58,1,156,2,3,2,2,2,1,1,0,0
58,1,157,2,1,2,2,1,2,1,1,1
58,1,158,4,4,4,4,4,4,1,1,1
58,1,159,3,1,3,3,1,3,1,1,1
58,1,160,3,3,4,3,3,4,1,1,1
59,1,1,2,2,4,0,0,4,0,0,1
59,1,2,4,3,1,0,0,1,0,0,1
59,1,3,4,3,1,0,0,1,0,0,1
59,1,4,3,2,3,0,0,3,0,0,1
59,1,5,3,2,1,0,0,1,0,0,1
59,1,6,2,4,4,0,0,4,0,0,1
59,1,7,4,2,4,0,0,4,0,0,1
59,1,8,2,3,4,0,0,4,0,0,1
59,1,9,3,2,3,0,0,3,0,0,1
59,1,10,4,2,2,0,0,2,0,0,1
59,1,11,2,2,2,0,0,2,0,0,1
59,1,12,4,1,2,0,0,1,0,0,0
59,1,13,4,4,2,0,0,2,0,0,1
59,1,14,1,2,2,0,0,2,0,0,1
59,1,15,4,2,4,0,0,4,0,0,1
59,1,16,2,4,4,0,0,4,0,0,1
59,1,17,3,2,1,0,0,1,0,0,1
59,1,18,4,2,1,0,0,1,0,0,1
59,1,19,1,1,2,0,0,2,0,0,1
59,1,20,1,1,2,0,0,2,0,0,1
59,1,21,4,3,4,0,0,4,0,0,1
59,1,22,3,3,1,0,0,1,0,0,1
59,1,23,4,4,2,0,0,2,0,0,1
59,1,24,2,3,4,0,0,4,0,0,1
59,1,25,2,3,2,0,0,2,0,0,1
59,1,26,4,1,4,0,0,1,0,0,0
59,1,27,3,4,4,0,0,4,0,0,1
59,1,28,3,1,2,0,0,2,0,0,1
59,1,29,3,1,2,0,0,2,0,0,1
59,1,30,3,2,4,0,0,4,0,0,1
59,1,31,1,1,1,0,0,1,0,0,1
59,1,32,1,2,3,0,0,3,0,0,1
59,1,33,2,2,3,0,0,3,0,0,1
59,1,34,2,2,4,0,0,4,0,0,1
59,1,35,3,1,2,0,0,2,0,0,1
59,1,36,2,2,4,0,0,4,0,0,1
59,1,37,3,4,3,0,0,3,0,0,1
59,1,38,2,4,1,0,0,1,0,0,1
59,1,39,1,1,4,0,0,4,0,0,1
59,1,40,1,4,2,0,0,2,0,0,1
59,1,41,3,3,2,0,0,2,0,0,1
59,1,42,2,3,3,0,0,3,0,0,1
59,1,43,1,4,1,0,0,1,0,0,1
59,1,44,1,4,1,0,0,1,0,0,1
59,1,45,1,2,2,0,0,2,0,0,1
59,1,46,4,4,3,0,0,3,0,0,1
59,1,47,3,4,3,0,0,3,0,0,1
59,1,48,4,1,4,0,0,4,0,0,1
59,1,49,2,2,1,0,0,1,0,0,1
59,1,50,3,4,1,0,0,1,0,0,1
59,1,51,3,2,1,0,0,1,0,0,1
59,1,52,1,1,3,0,0,3,0,0,1
59,1,53,2,1,1,0,0,1,0,0,1
59,1,54,3,3,3,0,0,3,0,0,1
59,1,55,4,1,4,0,0,4,0,0,1
59,1,56,1,3,3,0,0,3,0,0,1
59,1,57,1,3,4,0,0,4,0,0,1
59,1,58,2,2,4,0,0,4,0,0,1
59,1,59,1,3,2,0,0,2,0,0,1
59,1,60,3,2,3,0,0,3,0,0,1
59,1,61,4,4,4,0,0,4,0,0,1
59,1,62,4,3,3,0,0,3,0,0,1
59,1,63,2,1,1,0,0,1,0,0,1
59,1,64,4,2,3,0,0,3,0,0,1
59,1,65,4,2,1,0,0,1,0,0,1
59,1,66,4,3,1,0,0,1,0,0,1
59,1,67,3,2,4,0,0,4,0,0,1
59,1,68,1,3,1,0,0,1,0,0,1
59,1,69,4,1,1,0,0,1,0,0,1
59,1,70,4,4,1,0,0,1,0,0,1
59,1,71,2,1,3,0,0,3,0,0,1
59,1,72,2,3,4,0,0,4,0,0,1
59,1,73,3,1,1,0,0,1,0,0,1
59,1,74,2,3,2,0,0,2,0,0,1
59,1,75,1,4,3,0,0,3,0,0,1
59,1,76,1,1,2,0,0,2,0,0,1
59,1,77,1,1,2,0,0,2,0,0,1
59,1,78,1,3,4,0,0,4,0,0,1
59,1,79,1,2,3,0,0,3,0,0,1
59,1,80,1,1,4,0,0,4,0,0,1
59,1,81,1,3,2,0,0,2,0,0,1
59,1,82,2,2,2,0,0,2,0,0,1
59,1,83,2,4,1,0,0,1,0,0,1
59,1,84,4,3,3,0,0,3,0,0,1
59,1,85,3,3,2,0,0,2,0,0,1
59,1,86,4,4,1,0,0,1,0,0,1
59,1,87,3,1,3,0,0,3,0,0,1
59,1,88,2,1,3,0,0,3,0,0,1
59,1,89,3,1,1,0,0,1,0,0,1
59,1,90,4,2,1,0,0,1,0,0,1
59,1,91,3,4,2,0,0,2,0,0,1
59,1,92,4,2,1,0,0,1,0,0,1
59,1,93,2,2,2,0,0,2,0,0,1
59,1,94,3,1,3,0,0,3,0,0,1
59,1,95,1,1,3,0,0,3,0,0,1
59,1,96,2,4,4,0,0,4,0,0,1
59,1,97,3,3,2,0,0,2,0,0,1
59,1,98,2,3,3,0,0,3,0,0,1
59,1,99,3,4,4,0,0,4,0,0,1
59,1,100,2,4,1,0,0,1,0,0,1
59,1,101,4,4,2,0,0,2,0,0,1
59,1,102,2,3,3,0,0,3,0,0,1
59,1,103,1,2,1,0,0,1,0,0,1
59,1,104,2,1,1,0,0,2,0,0,0
59,1,105,4,3,4,0,0,4,0,0,1
59,1,106,1,2,1,0,0,1,0,0,1
59,1,107,4,3,4,0,0,4,0,0,1
59,1,108,3,4,1,0,0,1,0,0,1
59,1,109,3,4,1,0,0,1,0,0,1
59,1,110,1,1,2,0,0,2,0,0,1
59,1,111,4,4,4,0,0,4,0,0,1
59,1,112,3,3,4,0,0,4,0,0,1
59,1,113,4,1,3,0,0,3,0,0,1
59,1,114,3,1,2,0,0,2,0,0,1
59,1,115,1,3,3,0,0,3,0,0,1
59,1,116,2,3,1,0,0,1,0,0,1
59,1,117,1,4,2,0,0,2,0,0,1
59,1,118,2,3,4,0,0,4,0,0,1
59,1,119,1,3,3,0,0,3,0,0,1
59,1,120,3,4,1,0,0,1,0,0,1
59,1,121,1,3,4,0,0,4,0,0,1
59,1,122,3,3,2,0,0,3,0,0,0
59,1,123,1,2,3,0,0,2,0,0,0
59,1,124,2,4,3,0,0,3,0,0,1
59,1,125,1,4,3,0,0,3,0,0,1
59,1,126,3,2,1,0,0,1,0,0,1
59,1,127,1,3,3,0,0,3,0,0,1
59,1,128,3,3,2,0,0,2,0,0,1
59,1,129,2,4,4,0,0,4,0,0,1
59,1,130,1,2,1,0,0,1,0,0,1
59,1,131,2,1,2,0,0,2,0,0,1
59,1,132,1,4,2,0,0,2,0,0,1
59,1,133,4,3,4,0,0,4,0,0,1
59,1,134,2,1,4,0,0,4,0,0,1
59,1,135,2,4,2,0,0,2,0,0,1
59,1,136,4,2,3,0,0,3,0,0,1
59,1,137,1,4,2,0,0,2,0,0,1
59,1,138,1,2,1,0,0,1,0,0,1
59,1,139,4,3,4,0,0,4,0,0,1
59,1,140,3,2,4,0,0,4,0,0,1
59,1,141,4,1,1,0,0,1,0,0,1
59,1,142,3,1,4,0,0,4,0,0,1
59,1,143,4,4,3,0,0,3,0,0,1
59,1,144,4,1,2,0,0,4,0,0,0
59,1,145,2,1,3,0,0,3,0,0,1
59,1,146,2,2,3,0,0,3,0,0,1
59,1,147,4,1,2,0,0,3,0,0,0
59,1,148,4,4,4,0,0,4,0,0,1
59,1,149,1,2,3,0,0,2,0,0,0
59,1,150,2,1,4,0,0,4,0,0,1
59,1,151,3,4,4,0,0,4,0,0,1
59,1,152,3,1,3,0,0,3,0,0,1
59,1,153,4,1,2,0,0,2,0,0,1
59,1,154,2,1,4,0,0,4,0,0,1
59,1,155,2,4,2,0,0,2,0,0,1
59,1,156,3,3,3,4,3,3,0,1,1
59,1,157,1,4,4,3,4,3,0,1,0
59,1,158,1,4,3,1,1,2,1,0,0
59,1,159,4,2,4,4,4,2,1,0,0
59,1,160,3,3,1,3,3,3,1,1,0
60,1,1,4,4,2,0,0,4,0,0,0
60,1,2,1,3,2,0,0,2,0,0,1
60,1,3,1,1,1,0,0,1,0,0,1
60,1,4,2,2,3,0,0,3,0,0,1
60,1,5,1,2,4,0,0,4,0,0,1
60,1,6,2,2,2,0,0,2,0,0,1
60,1,7,3,4,4,0,0,4,0,0,1
60,1,8,4,3,2,0,0,2,0,0,1
60,1,9,3,2,3,0,0,3,0,0,1
60,1,10,1,1,4,0,0,4,0,0,1
60,1,11,2,4,2,0,0,2,0,0,1
60,1,12,3,3,2,0,0,2,0,0,1
60,1,13,4,4,1,0,0,1,0,0,1
60,1,14,4,1,1,0,0,1,0,0,1
60,1,15,4,4,1,0,0,1,0,0,1
60,1,16,4,3,2,0,0,2,0,0,1
60,1,17,2,3,2,0,0,2,0,0,1
60,1,18,3,2,2,0,0,2,0,0,1
60,1,19,3,3,2,0,0,2,0,0,1
60,1,20,3,4,3,0,0,3,0,0,1
60,1,21,3,3,2,0,0,2,0,0,1
60,1,22,3,3,3,0,0,3,0,0,1
60,1,23,3,1,1,0,0,1,0,0,1
60,1,24,4,4,1,0,0,1,0,0,1
60,1,25,1,2,3,0,0,3,0,0,1
60,1,26,1,1,3,0,0,3,0,0,1
60,1,27,1,2,1,0,0,1,0,0,1
60,1,28,4,3,1,0,0,1,0,0,1
60,1,29,3,4,1,0,0,1,0,0,1
60,1,30,4,2,3,0,0,3,0,0,1
60,1,31,1,3,1,0,0,1,0,0,1
60,1,32,2,2,3,0,0,3,0,0,1
60,1,33,1,3,2,0,0,2,0,0,1
60,1,34,3,2,4,0,0,4,0,0,1
60,1,35,1,2,1,0,0,1,0,0,1
60,1,36,3,1,1,0,0,1,0,0,1
60,1,37,2,4,4,0,0,4,0,0,1
60,1,38,4,2,4,0,0,4,0,0,1
60,1,39,1,2,1,0,0,1,0,0,1
60,1,40,4,1,4,0,0,4,0,0,1
60,1,41,3,3,3,0,0,3,0,0,1
60,1,42,3,4,4,0,0,4,0,0,1
60,1,43,4,2,4,0,0,4,0,0,1
60,1,44,4,2,2,0,0,2,0,0,1
60,1,45,2,1,3,0,0,3,0,0,1
60,1,46,2,3,3,0,0,3,0,0,1
60,1,47,4,3,2,0,0,2,0,0,1
60,1,48,1,3,1,0,0,1,0,0,1
60,1,49,1,3,2,0,0,2,0,0,1
60,1,50,4,1,4,0,0,4,0,0,1
60,1,51,2,1,2,0,0,2,0,0,1
60,1,52,2,3,4,0,0,4,0,0,1
60,1,53,1,4,1,0,0,1,0,0,1
60,1,54,3,3,2,0,0,2,0,0,1
60,1,55,1,4,2,0,0,2,0,0,1
60,1,56,2,1,1,0,0,1,0,0,1
60,1,57,3,4,1,0,0,1,0,0,1
60,1,58,4,3,3,0,0,3,0,0,1
60,1,59,2,3,3,0,0,3,0,0,1
60,1,60,1,2,2,0,0,2,0,0,1
60,1,61,1,3,3,0,0,3,0,0,1
60,1,62,1,2,1,0,0,1,0,0,1
60,1,63,2,3,3,0,0,3,0,0,1
60,1,64,2,3,3,0,0,3,0,0,1
60,1,65,3,2,2,0,0,2,0,0,1
60,1,66,2,1,4,0,0,4,0,0,1
60,1,67,2,4,1,0,0,1,0,0,1
60,1,68,1,2,4,0,0,4,0,0,1
60,1,69,1,3,2,0,0,2,0,0,1
60,1,70,4,1,2,0,0,2,0,0,1
60,1,71,1,3,4,0,0,4,0,0,1
60,1,72,3,3,3,0,0,3,0,0,1
60,1,73,4,1,4,0,0,4,0,0,1
60,1,74,1,1,4,0,0,4,0,0,1
60,1,75,4,3,2,0,0,2,0,0,1
60,1,76,2,2,1,0,0,1,0,0,1
60,1,77,2,1,4,0,0,4,0,0,1
60,1,78,3,2,3,0,0,3,0,0,1
60,1,79,3,4,4,0,0,4,0,0,1
60,1,80,2,3,3,0,0,3,0,0,1
60,1,81,4,1,3,0,0,3,0,0,1
60,1,82,2,1,4,0,0,4,0,0,1
60,1,83,3,1,4,0,0,4,0,0,1
60,1,84,4,3,2,0,0,2,0,0,1
60,1,85,2,2,4,0,0,4,0,0,1
60,1,86,1,4,4,0,0,4,0,0,1
60,1,87,2,3,2,0,0,2,0,0,1
60,1,88,1,4,1,0,0,1,0,0,1
60,1,89,4,2,4,0,0,4,0,0,1
60,1,90,3,4,2,0,0,2,0,0,1
60,1,91,3,2,3,0,0,3,0,0,1
60,1,92,3,1,4,0,0,4,0,0,1
60,1,93,1,4,3,0,0,3,0,0,1
60,1,94,2,1,2,0,0,2,0,0,1
60,1,95,3,3,3,0,0,3,0,0,1
60,1,96,4,3,4,0,0,4,0,0,1
60,1,97,4,1,4,0,0,4,0,0,1
60,1,98,4,3,3,0,0,4,0,0,0
60,1,99,3,1,1,0,0,1,0,0,1
60,1,100,2,3,2,0,0,2,0,0,1
60,1,101,3,2,4,0,0,4,0,0,1
60,1,102,1,1,3,0,0,3,0,0,1
60,1,103,3,2,1,0,0,1,0,0,1
60,1,104,4,2,1,0,0,1,0,0,1
60,1,105,2,1,2,0,0,2,0,0,1
60,1,106,3,2,2,0,0,2,0,0,1
60,1,107,2,3,1,0,0,1,0,0,1
60,1,108,3,3,1,0,0,1,0,0,1
60,1,109,1,4,1,0,0,1,0,0,1
60,1,110,2,1,2,0,0,2,0,0,1
60,1,111,2,4,4,0,0,4,0,0,1
60,1,112,1,3,2,0,0,2,0,0,1
60,1,113,4,4,4,0,0,4,0,0,1
60,1,114,1,2,2,0,0,2,0,0,1
60,1,115,3,4,1,0,0,1,0,0,1
60,1,116,4,2,1,0,0,1,0,0,1
60,1,117,1,2,3,0,0,3,0,0,1
60,1,118,3,1,4,0,0,4,0,0,1
60,1,119,2,4,1,0,0,1,0,0,1
60,1,120,3,1,1,0,0,1,0,0,1
60,1,121,2,1,4,0,0,4,0,0,1
60,1,122,2,4,1,0,0,1,0,0,1
60,1,123,4,2,4,0,0,4,0,0,1
60,1,124,3,4,2,0,0,2,0,0,1
60,1,125,1,1,4,0,0,4,0,0,1
60,1,126,2,4,1,0,0,1,0,0,1
60,1,127,4,1,3,0,0,3,0,0,1
60,1,128,1,1,4,0,0,4,0,0,1
60,1,129,1,1,3,0,0,3,0,0,1
60,1,130,1,4,4,0,0,4,0,0,1
60,1,131,3,1,3,0,0,3,0,0,1
60,1,132,4,4,2,0,0,2,0,0,1
60,1,133,3,1,3,0,0,3,0,0,1
60,1,134,1,4,4,0,0,4,0,0,1
60,1,135,1,3,2,0,0,2,0,0,1
60,1,136,4,4,4,0,0,4,0,0,1
60,1,137,1,4,4,0,0,4,0,0,1
60,1,138,2,2,2,0,0,2,0,0,1
60,1,139,1,1,1,0,0,1,0,0,1
60,1,140,2,2,2,0,0,2,0,0,1
60,1,141,4,1,1,0,0,1,0,0,1
60,1,142,1,4,1,0,0,1,0,0,1
60,1,143,4,4,3,0,0,3,0,0,1
60,1,144,4,1,3,0,0,3,0,0,1
60,1,145,2,4,3,0,0,3,0,0,1
60,1,146,1,1,1,0,0,1,0,0,1
60,1,147,2,2,2,0,0,2,0,0,1
60,1,148,2,2,1,0,0,1,0,0,1
60,1,149,4,4,4,0,0,4,0,0,1
60,1,150,2,4,2,0,0,2,0,0,1
60,1,151,3,4,2,0,0,2,0,0,1
60,1,152,4,4,2,0,0,2,0,0,1
60,1,153,2,2,3,0,0,3,0,0,1
60,1,154,4,2,4,0,0,4,0,0,1
60,1,155,4,3,3,0,0,3,0,0,1
60,1,156,4,2,4,1,4,4,0,0,1
60,1,157,3,3,4,3,3,4,1,1,1
60,1,158,3,2,3,3,2,3,1,1,1
60,1,159,2,4,1,2,4,1,1,1,1
60,1,160,3,1,3,3,1,3,1,1,1
61,1,1,3,2,1,0,0,1,0,0,1
61,1,2,1,2,2,0,0,2,0,0,1
61,1,3,3,3,3,0,0,3,0,0,1
61,1,4,4,4,4,0,0,4,0,0,1
61,1,5,2,1,2,0,0,2,0,0,1
61,1,6,3,2,4,0,0,4,0,0,1
61,1,7,1,1,1,0,0,1,0,0,1
61,1,8,2,3,2,0,0,2,0,0,1
61,1,9,4,3,1,0,0,1,0,0,1
61,1,10,3,3,4,0,0,4,0,0,1
61,1,11,1,3,4,0,0,4,0,0,1
61,1,12,4,4,1,0,0,1,0,0,1
61,1,13,3,3,2,0,0,2,0,0,1
61,1,14,1,1,4,0,0,4,0,0,1
61,1,15,4,3,4,0,0,4,0,0,1
61,1,16,1,4,3,0,0,3,0,0,1
61,1,17,4,1,2,0,0,2,0,0,1
61,1,18,1,2,3,0,0,3,0,0,1
61,1,19,2,1,2,0,0,2,0,0,1
61,1,20,2,2,2,0,0,2,0,0,1
61,1,21,1,1,3,0,0,3,0,0,1
61,1,22,4,3,1,0,0,1,0,0,1
61,1,23,4,1,2,0,0,2,0,0,1
61,1,24,4,4,3,0,0,3,0,0,1
61,1,25,2,2,3,0,0,3,0,0,1
61,1,26,2,2,1,0,0,1,0,0,1
61,1,27,4,4,2,0,0,2,0,0,1
61,1,28,2,4,2,0,0,2,0,0,1
61,1,29,1,4,2,0,0,2,0,0,1
61,1,30,3,2,3,0,0,3,0,0,1
61,1,31,4,1,2,0,0,2,0,0,1
61,1,32,2,1,4,0,0,4,0,0,1
61,1,33,4,2,4,0,0,4,0,0,1
61,1,34,2,4,4,0,0,4,0,0,1
61,1,35,2,4,1,0,0,1,0,0,1
61,1,36,1,3,4,0,0,4,0,0,1
61,1,37,4,2,4,0,0,4,0,0,1
61,1,38,3,1,2,0,0,2,0,0,1
61,1,39,1,3,1,0,0,1,0,0,1
61,1,40,2,2,1,0,0,1,0,0,1
61,1,41,4,2,4,0,0,4,0,0,1
61,1,42,1,3,2,0,0,2,0,0,1
61,1,43,2,1,3,0,0,3,0,0,1
61,1,44,2,1,3,0,0,3,0,0,1
61,1,45,2,3,3,0,0,3,0,0,1
61,1,46,3,2,1,0,0,1,0,0,1
61,1,47,4,1,3,0,0,2,0,0,0
61,1,48,1,4,2,0,0,2,0,0,1
61,1,49,3,1,2,0,0,2,0,0,1
61,1,50,2,1,4,0,0,4,0,0,1
61,1,51,3,4,4,0,0,4,0,0,1
61,1,52,1,2,3,0,0,3,0,0,1
61,1,53,4,2,3,0,0,3,0,0,1
61,1,54,2,4,4,0,0,4,0,0,1
61,1,55,4,4,2,0,0,2,0,0,1
61,1,56,2,3,1,0,0,1,0,0,1
61,1,57,3,1,4,0,0,4,0,0,1
61,1,58,3,4,3,0,0,3,0,0,1
61,1,59,3,4,3,0,0,3,0,0,1
61,1,60,1,3,3,0,0,3,0,0,1
61,1,61,2,2,3,0,0,3,0,0,1
61,1,62,4,2,3,0,0,3,0,0,1
61,1,63,1,4,1,0,0,1,0,0,1
61,1,64,2,4,2,0,0,2,0,0,1
61,1,65,2,3,1,0,0,1,0,0,1
61,1,66,3,1,1,0,0,1,0,0,1
61,1,67,4,3,3,0,0,3,0,0,1
61,1,68,1,3,2,0,0,2,0,0,1
61,1,69,3,4,1,0,0,1,0,0,1
61,1,70,3,1,2,0,0,2,0,0,1
61,1,71,2,2,3,0,0,3,0,0,1
61,1,72,1,2,1,0,0,1,0,0,1
61,1,73,1,4,1,0,0,1,0,0,1
61,1,74,1,1,2,0,0,2,0,0,1
61,1,75,4,2,2,0,0,2,0,0,1
61,1,76,1,1,3,0,0,3,0,0,1
61,1,77,1,4,2,0,0,2,0,0,1
61,1,78,2,3,1,0,0,1,0,0,1
61,1,79,1,1,2,0,0,2,0,0,1
61,1,80,4,1,1,0,0,1,0,0,1
61,1,81,3,1,1,0,0,1,0,0,1
61,1,82,1,2,1,0,0,1,0,0,1
61,1,83,3,3,3,0,0,4,0,0,0
61,1,84,2,1,3,0,0,3,0,0,1
61,1,85,2,4,3,0,0,3,0,0,1
61,1,86,3,3,3,0,0,3,0,0,1
61,1,87,1,2,3,0,0,3,0,0,1
61,1,88,3,1,1,0,0,1,0,0,1
61,1,89,1,1,3,0,0,3,0,0,1
61,1,90,3,4,3,0,0,3,0,0,1
61,1,91,4,3,4,0,0,4,0,0,1
61,1,92,1,2,3,0,0,3,0,0,1
61,1,93,4,2,4,0,0,4,0,0,1
61,1,94,4,1,1,0,0,1,0,0,1
61,1,95,1,4,2,0,0,2,0,0,1
61,1,96,1,1,2,0,0,2,0,0,1
61,1,97,1,4,4,0,0,4,0,0,1
61,1,98,2,3,4,0,0,4,0,0,1
61,1,99,2,2,2,0,0,2,0,0,1
61,1,100,4,3,4,0,0,4,0,0,1
61,1,101,2,4,2,0,0,2,0,0,1
61,1,102,1,4,3,0,0,3,0,0,1
61,1,103,2,3,4,0,0,4,0,0,1
61,1,104,4,3,3,0,0,3,0,0,1
61,1,105,4,1,2,0,0,2,0,0,1
61,1,106,2,1,2,0,0,2,0,0,1
61,1,107,3,1,3,0,0,3,0,0,1
61,1,108,4,3,1,0,0,1,0,0,1
61,1,109,3,4,2,0,0,2,0,0,1
61,1,110,2,3,1,0,0,1,0,0,1
61,1,111,1,3,2,0,0,2,0,0,1
61,1,112,3,1,2,0,0,2,0,0,1
61,1,113,1,3,1,0,0,1,0,0,1
61,1,114,4,1,2,0,0,2,0,0,1
61,1,115,3,3,1,0,0,1,0,0,1
61,1,116,3,3,3,0,0,3,0,0,1
61,1,117,4,1,3,0,0,3,0,0,1
61,1,118,1,3,2,0,0,2,0,0,1
61,1,119,3,1,1,0,0,1,0,0,1
61,1,120,3,2,2,0,0,2,0,0,1
61,1,121,2,2,4,0,0,4,0,0,1
61,1,122,1,1,1,0,0,1,0,0,1
61,1,123,4,4,1,0,0,1,0,0,1
61,1,124,2,1,4,0,0,4,0,0,1
61,1,125,1,3,4,0,0,4,0,0,1
61,1,126,2,4,2,0,0,2,0,0,1
61,1,127,4,2,2,0,0,2,0,0,1
61,1,128,3,4,4,0,0,4,0,0,1
61,1,129,1,2,4,0,0,4,0,0,1
61,1,130,1,1,1,0,0,1,0,0,1
61,1,131,3,2,4,0,0,4,0,0,1
61,1,132,1,2,1,0,0,1,0,0,1
61,1,133,3,2,4,0,0,4,0,0,1
61,1,134,4,2,3,0,0,3,0,0,1
61,1,135,2,3,1,0,0,1,0,0,1
61,1,136,2,4,3,0,0,3,0,0,1
61,1,137,2,4,1,0,0,1,0,0,1
61,1,138,4,4,4,0,0,4,0,0,1
61,1,139,4,3,2,0,0,2,0,0,1
61,1,140,4,3,3,0,0,3,0,0,1
61,1,141,2,1,4,0,0,4,0,0,1
61,1,142,1,4,1,0,0,1,0,0,1
61,1,143,3,4,4,0,0,4,0,0,1
61,1,144,2,2,3,0,0,3,0,0,1
61,1,145,3,4,3,0,0,3,0,0,1
61,1,146,3,3,2,0,0,2,0,0,1
61,1,147,4,2,3,0,0,3,0,0,1
61,1,148,2,2,3,0,0,3,0,0,1
61,1,149,2,3,2,0,0,2,0,0,1
61,1,150,3,2,3,0,0,3,0,0,1
61,1,151,3,4,2,0,0,2,0,0,1
61,1,152,3,2,2,0,0,2,0,0,1
61,1,153,1,2,2,0,0,2,0,0,1
61,1,154,4,4,2,0,0,2,0,0,1
61,1,155,4,1,1,0,0,1,0,0,1
61,1,156,3,2,4,3,2,2,1,1,0
61,1,157,3,3,2,3,3,2,1,1,1
61,1,158,3,3,1,3,3,1,1,1,1
61,1,159,4,4,1,4,1,1,1,0,1
61,1,160,4,4,1,4,4,1,1,1,1
62,1,1,2,1,1,0,0,1,0,0,1
62,1,2,2,1,1,0,0,1,0,0,1
62,1,3,4,3,1,0,0,1,0,0,1
62,1,4,2,4,2,0,0,2,0,0,1
62,1,5,2,2,4,0,0,3,0,0,0
62,1,6,1,1,3,0,0,3,0,0,1
62,1,7,2,1,4,0,0,4,0,0,1
62,1,8,2,2,1,0,0,2,0,0,0
62,1,9,2,3,4,0,0,4,0,0,1
62,1,10,3,1,2,0,0,2,0,0,1
62,1,11,1,2,3,0,0,3,0,0,1
62,1,12,3,2,2,0,0,2,0,0,1
62,1,13,1,4,1,0,0,1,0,0,1
62,1,14,4,1,4,0,0,4,0,0,1
62,1,15,1,4,1,0,0,1,0,0,1
62,1,16,3,1,2,0,0,2,0,0,1
62,1,17,4,4,3,0,0,3,0,0,1
62,1,18,2,4,2,0,0,2,0,0,1
62,1,19,3,2,3,0,0,3,0,0,1
62,1,20,3,1,3,0,0,2,0,0,0
62,1,21,4,4,4,0,0,4,0,0,1
62,1,22,3,2,1,0,0,1,0,0,1
62,1,23,4,1,3,0,0,3,0,0,1
62,1,24,1,3,2,0,0,2,0,0,1
62,1,25,4,2,2,0,0,2,0,0,1
62,1,26,1,2,3,0,0,3,0,0,1
62,1,27,4,1,3,0,0,3,0,0,1
62,1,28,2,4,1,0,0,1,0,0,1
62,1,29,4,1,3,0,0,3,0,0,1
62,1,30,1,1,2,0,0,2,0,0,1
62,1,31,1,1,3,0,0,3,0,0,1
62,1,32,4,3,2,0,0,2,0,0,1
62,1,33,4,1,1,0,0,1,0,0,1
62,1,34,1,2,3,0,0,3,0,0,1
62,1,35,3,3,4,0,0,4,0,0,1
62,1,36,4,4,2,0,0,2,0,0,1
62,1,37,1,1,2,0,0,2,0,0,1
62,1,38,2,1,3,0,0,3,0,0,1
62,1,39,3,3,3,0,0,3,0,0,1
62,1,40,2,1,4,0,0,4,0,0,1
62,1,41,2,3,3,0,0,3,0,0,1
62,1,42,2,3,4,0,0,4,0,0,1
62,1,43,2,3,4,0,0,4,0,0,1
62,1,44,3,4,1,0,0,1,0,0,1
62,1,45,4,3,3,0,0,3,0,0,1
62,1,46,4,3,2,0,0,2,0,0,1
62,1,47,1,4,3,0,0,3,0,0,1
62,1,48,3,2,4,0,0,4,0,0,1
62,1,49,2,2,1,0,0,1,0,0,1
62,1,50,4,3,4,0,0,4,0,0,1
62,1,51,1,2,4,0,0,4,0,0,1
62,1,52,1,4,1,0,0,1,0,0,1
62,1,53,4,2,4,0,0,4,0,0,1
62,1,54,2,1,3,0,0,3,0,0,1
62,1,55,1,1,1,0,0,1,0,0,1
62,1,56,3,2,1,0,0,1,0,0,1
62,1,57,4,1,3,0,0,3,0,0,1
62,1,58,4,2,4,0,0,4,0,0,1
62,1,59,3,4,4,0,0,4,0,0,1
62,1,60,2,4,2,0,0,2,0,0,1
62,1,61,2,4,1,0,0,1,0,0,1
62,1,62,4,2,3,0,0,3,0,0,1
62,1,63,3,3,1,0,0,1,0,0,1
62,1,64,3,4,2,0,0,2,0,0,1
62,1,65,2,4,4,0,0,4,0,0,1
62,1,66,1,3,4,0,0,4,0,0,1
62,1,67,1,3,3,0,0,3,0,0,1
62,1,68,4,3,4,0,0,4,0,0,1
62,1,69,3,1,4,0,0,4,0,0,1
62,1,70,1,2,2,0,0,2,0,0,1
62,1,71,3,3,3,0,0,3,0,0,1
62,1,72,3,3,2,0,0,2,0,0,1
62,1,73,4,3,3,0,0,3,0,0,1
62,1,74,3,4,4,0,0,4,0,0,1
62,1,75,2,3,1,0,0,1,0,0,1
62,1,76,4,4,2,0,0,2,0,0,1
62,1,77,3,1,1,0,0,1,0,0,1
62,1,78,4,4,4,0,0,3,0,0,0
62,1,79,4,4,3,0,0,3,0,0,1
62,1,80,1,3,3,0,0,3,0,0,1
62,1,81,1,4,3,0,0,3,0,0,1
62,1,82,3,3,1,0,0,1,0,0,1
62,1,83,1,4,4,0,0,4,0,0,1
62,1,84,1,1,2,0,0,2,0,0,1
62,1,85,3,4,1,0,0,1,0,0,1
62,1,86,1,3,2,0,0,2,0,0,1
62,1,87,4,4,3,0,0,3,0,0,1
62,1,88,4,4,3,0,0,3,0,0,1
62,1,89,2,4,4,0,0,4,0,0,1
62,1,90,3,4,2,0,0,1,0,0,0
62,1,91,2,1,2,0,0,1,0,0,0
62,1,92,3,2,1,0,0,1,0,0,1
62,1,93,3,4,1,0,0,1,0,0,1
62,1,94,3,3,4,0,0,4,0,0,1
62,1,95,1,3,2,0,0,2,0,0,1
62,1,96,2,1,3,0,0,3,0,0,1
62,1,97,3,1,2,0,0,1,0,0,0
62,1,98,4,1,2,0,0,2,0,0,1
62,1,99,4,3,1,0,0,1,0,0,1
62,1,100,3,2,2,0,0,2,0,0,1
62,1,101,2,2,1,0,0,1,0,0,1
62,1,102,3,4,1,0,0,1,0,0,1
62,1,103,2,2,4,0,0,4,0,0,1
62,1,104,2,2,1,0,0,1,0,0,1
62,1,105,3,3,4,0,0,4,0,0,1
62,1,106,4,2,3,0,0,3,0,0,1
62,1,107,1,1,3,0,0,4,0,0,0
62,1,108,4,2,3,0,0,3,0,0,1
62,1,109,3,2,4,0,0,4,0,0,1
62,1,110,2,2,1,0,0,1,0,0,1
62,1,111,2,3,1,0,0,1,0,0,1
62,1,112,3,3,4,0,0,4,0,0,1
62,1,113,2,3,1,0,0,1,0,0,1
62,1,114,3,4,3,0,0,3,0,0,1
62,1,115,4,4,1,0,0,1,0,0,1
62,1,116,1,3,4,0,0,4,0,0,1
62,1,117,3,4,1,0,0,1,0,0,1
62,1,118,1,1,4,0,0,4,0,0,1
62,1,119,4,4,2,0,0,2,0,0,1
62,1,120,1,1,3,0,0,4,0,0,0
62,1,121,1,3,1,0,0,1,0,0,1
62,1,122,1,4,4,0,0,4,0,0,1
62,1,123,2,1,3,0,0,3,0,0,1
62,1,124,3,1,3,0,0,3,0,0,1
62,1,125,1,2,3,0,0,3,0,0,1
62,1,126,3,1,3,0,0,3,0,0,1
62,1,127,1,1,1,0,0,1,0,0,1
62,1,128,4,2,3,0,0,3,0,0,1
62,1,129,2,3,2,0,0,2,0,0,1
62,1,130,2,3,3,0,0,3,0,0,1
62,1,131,4,2,2,0,0,2,0,0,1
62,1,132,3,3,3,0,0,3,0,0,1
62,1,133,2,4,3,0,0,3,0,0,1
62,1,134,3,2,4,0,0,4,0,0,1
62,1,135,1,4,2,0,0,2,0,0,1
62,1,136,2,1,4,0,0,4,0,0,1
62,1,137,2,4,1,0,0,1,0,0,1
62,1,138,2,2,2,0,0,2,0,0,1
62,1,139,4,2,2,0,0,2,0,0,1
62,1,140,1,3,4,0,0,4,0,0,1
62,1,141,4,1,2,0,0,1,0,0,0
62,1,142,2,3,2,0,0,2,0,0,1
62,1,143,1,2,3,0,0,3,0,0,1
62,1,144,1,2,3,0,0,3,0,0,1
62,1,145,3,1,3,0,0,3,0,0,1
62,1,146,4,2,4,0,0,4,0,0,1
62,1,147,1,2,1,0,0,1,0,0,1
62,1,148,2,2,1,0,0,2,0,0,0
62,1,149,1,4,3,0,0,3,0,0,1
62,1,150,1,4,3,0,0,3,0,0,1
62,1,151,2,4,1,0,0,1,0,0,1
62,1,152,4,3,1,0,0,1,0,0,1
62,1,153,3,2,3,0,0,3,0,0,1
62,1,154,1,2,2,0,0,2,0,0,1
62,1,155,1,3,2,0,0,2,0,0,1
62,1,156,2,2,2,2,3,3,1,0,0
62,1,157,4,3,2,3,2,1,0,0,0
62,1,158,4,1,4,4,1,4,1,1,1
62,1,159,4,1,3,4,1,3,1,1,1
62,1,160,3,1,3,3,1,4,1,1,0
