1,1,1,2,6,4,3,0,0,0
1,1,2,2,7,2,2,0,0,1
1,1,3,1,1,4,4,0,0,1
1,1,4,1,15,4,4,0,0,1
1,1,5,3,3,2,2,0,0,1
1,1,6,1,2,1,1,0,0,1
1,1,7,2,5,2,2,0,0,1
1,1,8,3,11,3,3,0,0,1
1,1,9,2,14,2,2,0,0,1
1,1,10,4,6,3,3,0,0,1
1,1,11,4,6,2,2,0,0,1
1,1,12,1,5,3,3,0,0,1
1,1,13,2,10,1,1,0,0,1
1,1,14,1,5,2,2,0,0,1
1,1,15,3,9,2,2,0,0,1
1,1,16,4,12,2,2,0,0,1
1,1,17,4,2,2,2,0,0,1
1,1,18,4,1,3,3,0,0,1
1,1,19,2,14,3,3,0,0,1
1,1,20,1,5,3,3,0,0,1
1,1,21,2,4,2,2,0,0,1
1,1,22,2,12,4,4,0,0,1
1,1,23,1,13,3,3,0,0,1
1,1,24,1,1,2,2,0,0,1
1,1,25,3,13,1,1,0,0,1
1,1,26,2,3,2,2,0,0,1
1,1,27,4,15,4,4,0,0,1
1,1,28,1,14,3,3,0,0,1
1,1,29,1,12,4,4,0,0,1
1,1,30,3,15,4,4,0,0,1
1,1,31,2,9,2,2,0,0,1
1,1,32,3,11,4,4,0,0,1
1,1,33,2,6,1,1,0,0,1
1,1,34,3,11,2,2,0,0,1
1,1,35,4,2,4,4,0,0,1
1,1,36,2,7,3,3,0,0,1
1,1,37,3,6,1,1,0,0,1
1,1,38,2,8,4,4,0,0,1
1,1,39,1,4,4,4,0,0,1
1,1,40,3,5,4,4,0,0,1
1,1,41,1,7,1,1,0,0,1
1,1,42,3,9,2,2,0,0,1
1,1,43,4,4,4,4,0,0,1
1,1,44,1,9,1,1,0,0,1
1,1,45,1,13,3,3,0,0,1
1,1,46,1,6,1,1,0,0,1
1,1,47,1,4,1,1,0,0,1
1,1,48,1,3,2,2,0,0,1
1,1,49,2,7,4,4,0,0,1
1,1,50,1,1,1,1,0,0,1
1,1,51,4,7,2,2,0,0,1
1,1,52,3,12,2,2,0,0,1
1,1,53,1,12,2,2,0,0,1
1,1,54,2,5,2,2,0,0,1
1,1,55,3,15,3,3,0,0,1
1,1,56,2,12,4,4,0,0,1
1,1,57,3,3,4,4,0,0,1
1,1,58,1,9,3,3,0,0,1
1,1,59,4,13,2,2,0,0,1
1,1,60,1,3,1,1,0,0,1
1,1,61,3,10,4,4,0,0,1
1,1,62,2,4,1,1,0,0,1
1,1,63,3,9,4,4,0,0,1
1,1,64,1,1,3,3,0,0,1
1,1,65,1,2,1,1,0,0,1
1,1,66,4,8,2,2,0,0,1
1,1,67,4,2,4,4,0,0,1
1,1,68,2,10,3,3,0,0,1
1,1,69,3,3,1,1,0,0,1
1,1,70,3,13,3,3,0,0,1
1,1,71,2,5,2,2,0,0,1
1,1,72,1,8,3,3,0,0,1
1,1,73,1,9,4,4,0,0,1
1,1,74,3,7,1,1,0,0,1
1,1,75,1,4,1,1,0,0,1
1,1,76,3,11,2,2,0,0,1
1,1,77,2,14,4,4,0,0,1
1,1,78,3,6,3,3,0,0,1
1,1,79,3,2,2,2,0,0,1
1,1,80,2,4,2,2,0,0,1
1,1,81,4,12,4,4,0,0,1
1,1,82,2,15,4,4,0,0,1
1,1,83,4,6,3,3,0,0,1
1,1,84,4,15,4,4,0,0,1
1,1,85,2,9,4,4,0,0,1
1,1,86,2,2,1,1,0,0,1
1,1,87,4,10,3,3,0,0,1
1,1,88,4,13,4,4,0,0,1
1,1,89,2,2,4,4,0,0,1
1,1,90,1,12,2,2,0,0,1
1,1,91,2,8,2,2,0,0,1
1,1,92,1,7,2,2,0,0,1
1,1,93,3,2,3,3,0,0,1
1,1,94,1,4,2,2,0,0,1
1,1,95,1,6,1,1,0,0,1
1,1,96,4,14,4,4,0,0,1
1,1,97,4,15,3,3,0,0,1
1,1,98,3,9,2,2,0,0,1
1,1,99,1,2,4,4,0,0,1
1,1,100,2,7,2,2,0,0,1
1,1,101,4,13,1,1,0,0,1
1,1,102,2,7,2,2,0,0,1
1,1,103,4,3,1,1,0,0,1
1,1,104,4,12,2,2,0,0,1
1,1,105,4,3,4,4,0,0,1
1,1,106,3,13,4,4,0,0,1
1,1,107,2,12,3,3,0,0,1
1,1,108,3,6,3,3,0,0,1
1,1,109,4,4,4,4,0,0,1
1,1,110,3,14,4,4,0,0,1
1,1,111,3,13,1,1,0,0,1
1,1,112,4,5,1,1,0,0,1
1,1,113,3,11,4,4,0,0,1
1,1,114,3,9,2,2,0,0,1
1,1,115,3,9,2,2,0,0,1
1,1,116,4,3,1,1,0,0,1
1,1,117,1,3,3,3,0,0,1
1,1,118,3,2,1,1,0,0,1
1,1,119,4,3,3,3,0,0,1
1,1,120,1,4,1,1,0,0,1
1,1,121,3,9,3,3,0,0,1
1,1,122,4,12,3,3,0,0,1
1,1,123,4,3,4,4,0,0,1
1,1,124,1,5,4,4,0,0,1
1,1,125,4,4,1,1,0,0,1
1,1,126,2,4,1,1,0,0,1
1,1,127,3,11,4,4,0,0,1
1,1,128,4,6,1,1,0,0,1
1,1,129,2,10,3,3,0,0,1
1,1,130,3,9,2,2,0,0,1
1,1,131,3,3,3,3,0,0,1
1,1,132,2,13,1,1,0,0,1
1,1,133,3,7,1,1,0,0,1
1,1,134,1,4,1,1,0,0,1
1,1,135,3,14,3,3,0,0,1
1,1,136,2,4,4,4,0,0,1
1,1,137,4,5,1,1,0,0,1
1,1,138,4,6,2,2,0,0,1
1,1,139,2,8,3,3,0,0,1
1,1,140,4,12,1,1,0,0,1
1,1,141,4,14,3,3,0,0,1
1,1,142,2,11,1,1,0,0,1
1,1,143,2,3,2,2,0,0,1
1,1,144,4,13,1,1,0,0,1
1,1,145,2,2,1,1,0,0,1
1,1,146,4,15,4,4,0,0,1
1,1,147,2,15,2,2,0,0,1
1,1,148,4,13,1,1,0,0,1
1,1,149,4,15,2,2,0,0,1
1,1,150,1,7,4,4,0,0,1
1,1,151,3,2,4,4,0,0,1
1,1,152,3,5,1,1,0,0,1
1,1,153,4,6,1,1,0,0,1
1,1,154,3,9,4,4,0,0,1
1,1,155,2,15,4,4,0,0,1
1,1,156,2,2,4,4,2,1,1
1,1,157,1,11,1,1,1,1,1
1,1,158,1,1,2,2,1,1,1
1,1,159,1,9,2,2,1,1,1
1,1,160,1,1,4,4,1,1,1
3,1,1,1,14,2,2,0,0,1
3,1,2,3,6,3,3,0,0,1
3,1,3,1,6,2,2,0,0,1
3,1,4,4,5,3,3,0,0,1
3,1,5,3,10,1,1,0,0,1
3,1,6,1,5,2,2,0,0,1
3,1,7,2,9,2,2,0,0,1
3,1,8,4,12,2,2,0,0,1
3,1,9,1,2,2,2,0,0,1
3,1,10,4,1,3,3,0,0,1
3,1,11,2,14,3,3,0,0,1
3,1,12,1,5,3,3,0,0,1
3,1,13,3,4,2,2,0,0,1
3,1,14,2,12,4,4,0,0,1
3,1,15,3,13,3,3,0,0,1
3,1,16,3,1,2,2,0,0,1
3,1,17,2,13,1,1,0,0,1
3,1,18,3,3,2,2,0,0,1
3,1,19,3,15,4,4,0,0,1
3,1,20,2,14,3,3,0,0,1
3,1,21,3,12,4,4,0,0,1
3,1,22,1,15,4,4,0,0,1
3,1,23,2,9,2,2,0,0,1
3,1,24,2,11,4,4,0,0,1
3,1,25,3,6,1,1,0,0,1
3,1,26,4,11,2,2,0,0,1
3,1,27,2,2,4,4,0,0,1
3,1,28,4,7,3,3,0,0,1
3,1,29,3,6,1,1,0,0,1
3,1,30,4,8,4,4,0,0,1
3,1,31,2,4,4,4,0,0,1
3,1,32,4,5,4,4,0,0,1
3,1,33,2,7,1,1,0,0,1
3,1,34,1,9,2,2,0,0,1
3,1,35,2,4,4,4,0,0,1
3,1,36,1,9,1,1,0,0,1
3,1,37,1,13,3,2,0,0,0
3,1,38,3,6,1,1,0,0,1
3,1,39,2,4,1,1,0,0,1
3,1,40,3,3,2,2,0,0,1
3,1,41,1,7,4,4,0,0,1
3,1,42,2,1,1,1,0,0,1
3,1,43,3,7,2,2,0,0,1
3,1,44,2,12,2,2,0,0,1
3,1,45,3,12,2,2,0,0,1
3,1,46,2,5,2,2,0,0,1
3,1,47,2,15,3,3,0,0,1
3,1,48,4,12,4,4,0,0,1
3,1,49,2,3,4,4,0,0,1
3,1,50,4,9,3,3,0,0,1
3,1,51,3,13,2,2,0,0,1
3,1,52,1,3,1,1,0,0,1
3,1,53,3,10,4,4,0,0,1
3,1,54,3,4,1,1,0,0,1
3,1,55,1,9,4,4,0,0,1
3,1,56,2,1,3,3,0,0,1
3,1,57,2,2,1,1,0,0,1
3,1,58,1,8,2,2,0,0,1
3,1,59,2,2,4,4,0,0,1
3,1,60,4,10,3,3,0,0,1
3,1,61,4,3,1,1,0,0,1
3,1,62,2,13,3,3,0,0,1
3,1,63,1,5,2,2,0,0,1
3,1,64,2,8,3,3,0,0,1
3,1,65,3,9,4,4,0,0,1
3,1,66,2,7,1,1,0,0,1
3,1,67,3,4,1,1,0,0,1
3,1,68,4,11,2,2,0,0,1
3,1,69,1,14,4,4,0,0,1
3,1,70,4,6,3,3,0,0,1
3,1,71,4,2,2,2,0,0,1
3,1,72,1,4,2,2,0,0,1
3,1,73,4,12,4,4,0,0,1
3,1,74,1,15,4,4,0,0,1
3,1,75,4,6,3,3,0,0,1
3,1,76,1,15,4,4,0,0,1
3,1,77,1,9,4,4,0,0,1
3,1,78,1,2,1,1,0,0,1
3,1,79,2,10,3,3,0,0,1
3,1,80,4,13,4,4,0,0,1
3,1,81,4,2,4,4,0,0,1
3,1,82,1,12,2,3,0,0,0
3,1,83,1,8,2,2,0,0,1
3,1,84,4,7,2,2,0,0,1
3,1,85,2,2,3,3,0,0,1
3,1,86,1,4,2,2,0,0,1
3,1,87,3,6,1,1,0,0,1
3,1,88,2,14,4,4,0,0,1
3,1,89,4,15,3,3,0,0,1
3,1,90,4,9,2,2,0,0,1
3,1,91,2,2,4,4,0,0,1
3,1,92,3,7,2,2,0,0,1
3,1,93,1,13,1,1,0,0,1
3,1,94,1,7,2,2,0,0,1
3,1,95,3,3,1,1,0,0,1
3,1,96,4,12,2,2,0,0,1
3,1,97,4,3,4,4,0,0,1
3,1,98,4,13,4,4,0,0,1
3,1,99,2,12,3,3,0,0,1
3,1,100,3,6,3,3,0,0,1
3,1,101,3,4,4,4,0,0,1
3,1,102,2,14,4,4,0,0,1
3,1,103,2,13,1,1,0,0,1
3,1,104,1,5,1,1,0,0,1
3,1,105,3,11,4,4,0,0,1
3,1,106,4,9,2,2,0,0,1
3,1,107,1,9,2,2,0,0,1
3,1,108,1,3,1,1,0,0,1
3,1,109,3,3,3,3,0,0,1
3,1,110,3,2,1,1,0,0,1
3,1,111,4,3,3,3,0,0,1
3,1,112,1,4,1,1,0,0,1
3,1,113,2,9,3,3,0,0,1
3,1,114,1,12,3,3,0,0,1
3,1,115,4,3,4,4,0,0,1
3,1,116,1,5,4,4,0,0,1
3,1,117,2,4,1,1,0,0,1
3,1,118,3,4,1,1,0,0,1
3,1,119,2,11,4,4,0,0,1
3,1,120,4,6,1,1,0,0,1
3,1,121,4,10,3,3,0,0,1
3,1,122,4,9,2,2,0,0,1
3,1,123,3,3,3,3,0,0,1
3,1,124,2,13,1,1,0,0,1
3,1,125,1,7,1,1,0,0,1
3,1,126,3,4,1,1,0,0,1
3,1,127,3,14,3,3,0,0,1
3,1,128,4,4,4,4,0,0,1
3,1,129,1,5,1,1,0,0,1
3,1,130,3,6,2,2,0,0,1
3,1,131,2,8,3,3,0,0,1
3,1,132,3,12,1,1,0,0,1
3,1,133,4,14,3,3,0,0,1
3,1,134,1,11,1,1,0,0,1
3,1,135,2,3,2,2,0,0,1
3,1,136,3,13,1,1,0,0,1
3,1,137,2,2,1,1,0,0,1
3,1,138,1,15,4,4,0,0,1
3,1,139,4,15,2,2,0,0,1
3,1,140,1,13,1,1,0,0,1
3,1,141,2,15,2,2,0,0,1
3,1,142,3,7,4,4,0,0,1
3,1,143,1,2,4,4,0,0,1
3,1,144,3,5,1,1,0,0,1
3,1,145,4,6,1,1,0,0,1
3,1,146,4,9,4,4,0,0,1
3,1,147,4,15,4,4,0,0,1
3,1,148,3,2,4,4,0,0,1
3,1,149,1,11,1,1,0,0,1
3,1,150,3,1,2,2,0,0,1
3,1,151,4,9,2,2,0,0,1
3,1,152,3,1,4,4,0,0,1
3,1,153,3,13,4,4,0,0,1
3,1,154,2,11,1,1,0,0,1
3,1,155,2,11,4,4,0,0,1
3,1,156,4,6,4,4,1,0,1
3,1,157,1,5,2,2,1,1,1
3,1,158,4,2,3,3,4,1,1
3,1,159,4,5,2,2,4,1,1
3,1,160,1,8,1,1,1,1,1
4,1,1,3,15,1,1,0,0,1
4,1,2,4,5,3,3,0,0,1
4,1,3,2,3,1,1,0,0,1
4,1,4,3,7,3,3,0,0,1
4,1,5,1,13,4,4,0,0,1
4,1,6,4,15,4,4,0,0,1
4,1,7,4,13,2,2,0,0,1
4,1,8,2,15,3,3,0,0,1
4,1,9,3,6,3,3,0,0,1
4,1,10,1,14,4,4,0,0,1
4,1,11,4,8,2,2,0,0,1
4,1,12,1,7,2,2,0,0,1
4,1,13,1,5,1,1,0,0,1
4,1,14,1,9,4,4,0,0,1
4,1,15,4,11,3,3,0,0,1
4,1,16,4,11,3,3,0,0,1
4,1,17,2,10,2,2,0,0,1
4,1,18,1,5,4,4,0,0,1
4,1,19,3,9,4,4,0,0,1
4,1,20,3,13,3,3,0,0,1
4,1,21,3,6,1,1,0,0,1
4,1,22,1,7,4,4,0,0,1
4,1,23,3,9,4,4,0,0,1
4,1,24,2,5,1,1,0,0,1
4,1,25,2,9,3,3,0,0,1
4,1,26,1,8,1,1,0,0,1
4,1,27,3,5,1,1,0,0,1
4,1,28,2,10,3,3,0,0,1
4,1,29,2,8,2,2,0,0,1
4,1,30,4,4,2,2,0,0,1
4,1,31,1,15,1,1,0,0,1
4,1,32,2,14,1,1,0,0,1
4,1,33,3,12,2,2,0,0,1
4,1,34,4,13,1,1,0,0,1
4,1,35,2,2,2,2,0,0,1
4,1,36,4,7,3,3,0,0,1
4,1,37,3,15,2,2,0,0,1
4,1,38,1,14,2,2,0,0,1
4,1,39,4,14,4,4,0,0,1
4,1,40,4,5,4,4,0,0,1
4,1,41,3,15,2,2,0,0,1
4,1,42,2,10,4,4,0,0,1
4,1,43,2,9,2,2,0,0,1
4,1,44,4,1,1,1,0,0,1
4,1,45,3,1,2,2,0,0,1
4,1,46,2,1,1,1,0,0,1
4,1,47,3,15,3,3,0,0,1
4,1,48,2,9,1,1,0,0,1
4,1,49,3,6,2,2,0,0,1
4,1,50,4,14,2,2,0,0,1
4,1,51,2,14,3,3,0,0,1
4,1,52,4,12,2,2,0,0,1
4,1,53,4,1,3,3,0,0,1
4,1,54,3,1,3,3,0,0,1
4,1,55,3,15,1,1,0,0,1
4,1,56,4,5,4,4,0,0,1
4,1,57,1,6,1,1,0,0,1
4,1,58,2,9,4,4,0,0,1
4,1,59,2,2,2,2,0,0,1
4,1,60,3,9,2,2,0,0,1
4,1,61,2,15,4,4,0,0,1
4,1,62,1,10,3,3,0,0,1
4,1,63,3,7,3,3,0,0,1
4,1,64,2,5,2,2,0,0,1
4,1,65,4,7,2,2,0,0,1
4,1,66,1,6,1,1,0,0,1
4,1,67,1,14,4,4,0,0,1
4,1,68,4,5,4,4,0,0,1
4,1,69,4,11,4,4,0,0,1
4,1,70,4,1,1,1,0,0,1
4,1,71,2,6,4,4,0,0,1
4,1,72,3,5,4,4,0,0,1
4,1,73,1,1,2,2,0,0,1
4,1,74,3,6,1,1,0,0,1
4,1,75,3,11,1,1,0,0,1
4,1,76,3,13,3,3,0,0,1
4,1,77,4,14,3,3,0,0,1
4,1,78,3,4,3,3,0,0,1
4,1,79,1,3,1,1,0,0,1
4,1,80,3,4,1,1,0,0,1
4,1,81,1,12,3,3,0,0,1
4,1,82,4,13,3,3,0,0,1
4,1,83,3,9,1,1,0,0,1
4,1,84,2,9,1,1,0,0,1
4,1,85,2,12,1,1,0,0,1
4,1,86,3,3,4,4,0,0,1
4,1,87,3,15,2,2,0,0,1
4,1,88,2,15,3,3,0,0,1
4,1,89,3,15,3,3,0,0,1
4,1,90,1,9,4,4,0,0,1
4,1,91,1,11,3,3,0,0,1
4,1,92,1,7,3,3,0,0,1
4,1,93,3,9,3,3,0,0,1
4,1,94,3,3,3,3,0,0,1
4,1,95,4,11,3,3,0,0,1
4,1,96,1,10,4,4,0,0,1
4,1,97,1,14,1,1,0,0,1
4,1,98,4,13,1,1,0,0,1
4,1,99,3,3,1,1,0,0,1
4,1,100,1,13,2,2,0,0,1
4,1,101,4,10,3,3,0,0,1
4,1,102,4,6,2,2,0,0,1
4,1,103,4,14,4,4,0,0,1
4,1,104,2,14,2,2,0,0,1
4,1,105,3,13,2,2,0,0,1
4,1,106,4,13,1,1,0,0,1
4,1,107,1,9,1,1,0,0,1
4,1,108,2,6,4,4,0,0,1
4,1,109,2,6,4,4,0,0,1
4,1,110,4,7,1,1,0,0,1
4,1,111,2,10,2,2,0,0,1
4,1,112,1,13,1,1,0,0,1
4,1,113,1,9,3,3,0,0,1
4,1,114,1,13,1,1,0,0,1
4,1,115,4,2,2,2,0,0,1
4,1,116,3,4,1,1,0,0,1
4,1,117,3,11,2,2,0,0,1
4,1,118,1,11,4,4,0,0,1
4,1,119,2,4,3,3,0,0,1
4,1,120,2,13,1,1,0,0,1
4,1,121,2,10,4,4,0,0,1
4,1,122,4,15,2,2,0,0,1
4,1,123,2,12,4,4,0,0,1
4,1,124,2,15,4,4,0,0,1
4,1,125,4,8,1,1,0,0,1
4,1,126,4,15,4,4,0,0,1
4,1,127,1,6,2,2,0,0,1
4,1,128,2,3,4,4,0,0,1
4,1,129,2,10,4,4,0,0,1
4,1,130,4,3,1,1,0,0,1
4,1,131,2,15,4,4,0,0,1
4,1,132,4,12,3,3,0,0,1
4,1,133,4,12,2,2,0,0,1
4,1,134,2,1,3,3,0,0,1
4,1,135,4,2,1,1,0,0,1
4,1,136,1,13,3,3,0,0,1
4,1,137,3,11,1,1,0,0,1
4,1,138,1,8,4,4,0,0,1
4,1,139,3,1,4,4,0,0,1
4,1,140,1,8,2,2,0,0,1
4,1,141,1,4,3,3,0,0,1
4,1,142,2,10,2,2,0,0,1
4,1,143,1,15,1,1,0,0,1
4,1,144,2,15,4,4,0,0,1
4,1,145,2,7,3,3,0,0,1
4,1,146,1,8,4,4,0,0,1
4,1,147,3,12,1,1,0,0,1
4,1,148,1,4,2,2,0,0,1
4,1,149,1,13,1,1,0,0,1
4,1,150,4,1,4,4,0,0,1
4,1,151,3,15,2,2,0,0,1
4,1,152,4,11,4,4,0,0,1
4,1,153,4,10,4,4,0,0,1
4,1,154,3,14,2,2,0,0,1
4,1,155,3,3,3,3,0,0,1
4,1,156,1,1,4,4,1,1,1
4,1,157,1,13,1,1,1,1,1
4,1,158,2,2,4,4,2,1,1
4,1,159,1,1,3,3,1,1,1
4,1,160,2,1,1,1,2,1,1
5,1,1,2,11,3,3,0,0,1
5,1,2,1,1,4,4,0,0,1
5,1,3,2,3,2,2,0,0,1
5,1,4,1,3,4,4,0,0,1
5,1,5,3,14,2,2,0,0,1
5,1,6,4,3,3,3,0,0,1
5,1,7,2,10,1,1,0,0,1
5,1,8,4,1,3,3,0,0,1
5,1,9,1,8,4,4,0,0,1
5,1,10,1,2,4,4,0,0,1
5,1,11,1,7,3,3,0,0,1
5,1,12,4,6,4,4,0,0,1
5,1,13,3,4,3,3,0,0,1
5,1,14,2,9,3,3,0,0,1
5,1,15,4,10,2,2,0,0,1
5,1,16,2,14,4,4,0,0,1
5,1,17,1,11,1,1,0,0,1
5,1,18,3,5,3,3,0,0,1
5,1,19,1,10,1,1,0,0,1
5,1,20,3,1,3,3,0,0,1
5,1,21,2,4,1,1,0,0,1
5,1,22,3,4,3,3,0,0,1
5,1,23,2,4,4,4,0,0,1
5,1,24,4,8,4,4,0,0,1
5,1,25,2,6,4,4,0,0,1
5,1,26,2,6,2,2,0,0,1
5,1,27,2,3,2,2,0,0,1
5,1,28,4,5,2,2,0,0,1
5,1,29,3,4,2,2,0,0,1
5,1,30,3,8,1,1,0,0,1
5,1,31,2,10,1,1,0,0,1
5,1,32,2,13,2,2,0,0,1
5,1,33,2,13,4,4,0,0,1
5,1,34,3,7,4,4,0,0,1
5,1,35,2,12,3,3,0,0,1
5,1,36,2,4,4,4,0,0,1
5,1,37,2,8,3,3,0,0,1
5,1,38,1,4,3,3,0,0,1
5,1,39,4,7,1,1,0,0,1
5,1,40,2,8,2,2,0,0,1
5,1,41,2,5,3,3,0,0,1
5,1,42,3,2,3,3,0,0,1
5,1,43,1,1,4,4,0,0,1
5,1,44,3,5,4,4,0,0,1
5,1,45,1,12,2,2,0,0,1
5,1,46,2,15,3,3,0,0,1
5,1,47,4,8,1,1,0,0,1
5,1,48,4,8,3,3,0,0,1
5,1,49,1,11,4,4,0,0,1
5,1,50,1,14,3,3,0,0,1
5,1,51,2,7,1,1,0,0,1
5,1,52,2,9,3,3,0,0,1
5,1,53,2,11,3,3,0,0,1
5,1,54,4,1,3,3,0,0,1
5,1,55,2,12,4,4,0,0,1
5,1,56,4,14,4,4,0,0,1
5,1,57,4,10,3,3,0,0,1
5,1,58,3,4,1,1,0,0,1
5,1,59,2,7,4,4,0,0,1
5,1,60,3,6,2,2,0,0,1
5,1,61,1,14,2,2,0,0,1
5,1,62,1,3,4,4,0,0,1
5,1,63,3,8,2,2,0,0,1
5,1,64,3,15,3,3,0,0,1
5,1,65,2,12,3,3,0,0,1
5,1,66,2,5,3,3,0,0,1
5,1,67,4,4,4,4,0,0,1
5,1,68,3,9,3,3,0,0,1
5,1,69,4,13,1,1,0,0,1
5,1,70,2,2,1,1,0,0,1
5,1,71,4,3,4,4,0,0,1
5,1,72,3,13,3,3,0,0,1
5,1,73,1,11,3,3,0,0,1
5,1,74,2,10,2,2,0,0,1
5,1,75,4,2,3,3,0,0,1
5,1,76,1,13,2,2,0,0,1
5,1,77,1,8,4,4,0,0,1
5,1,78,3,6,1,1,0,0,1
5,1,79,1,2,4,4,0,0,1
5,1,80,2,4,3,3,0,0,1
5,1,81,1,11,1,1,0,0,1
5,1,82,3,13,3,3,0,0,1
5,1,83,3,12,1,1,0,0,1
5,1,84,2,15,4,4,0,0,1
5,1,85,3,7,2,2,0,0,1
5,1,86,1,14,2,2,0,0,1
5,1,87,1,5,1,1,0,0,1
5,1,88,2,12,4,4,0,0,1
5,1,89,4,4,2,2,0,0,1
5,1,90,2,7,4,4,0,0,1
5,1,91,4,8,3,3,0,0,1
5,1,92,1,12,2,2,0,0,1
5,1,93,3,2,2,2,0,0,1
5,1,94,4,15,4,4,0,0,1
5,1,95,3,7,1,1,0,0,1
5,1,96,3,9,3,3,0,0,1
5,1,97,4,12,3,3,0,0,1
5,1,98,2,3,3,3,0,0,1
5,1,99,1,8,3,3,0,0,1
5,1,100,3,7,1,1,0,0,1
5,1,101,3,15,3,3,0,0,1
5,1,102,2,1,2,2,0,0,1
5,1,103,4,14,4,4,0,0,1
5,1,104,4,1,2,1,0,0,0
5,1,105,3,2,1,1,0,0,1
5,1,106,1,5,1,1,0,0,1
5,1,107,4,8,2,2,0,0,1
5,1,108,1,4,4,4,0,0,1
5,1,109,3,14,4,4,0,0,1
5,1,110,2,9,3,3,0,0,1
5,1,111,4,9,1,1,0,0,1
5,1,112,1,2,4,4,0,0,1
5,1,113,1,8,4,4,0,0,1
5,1,114,1,4,4,4,0,0,1
5,1,115,2,14,2,2,0,0,1
5,1,116,1,2,4,4,0,0,1
5,1,117,4,2,4,4,0,0,1
5,1,118,2,11,2,2,0,0,1
5,1,119,4,15,3,3,0,0,1
5,1,120,2,9,3,3,0,0,1
5,1,121,4,2,1,1,0,0,1
5,1,122,3,9,4,4,0,0,1
5,1,123,3,10,3,3,0,0,1
5,1,124,1,2,1,1,0,0,1
5,1,125,2,2,3,3,0,0,1
5,1,126,1,10,2,2,0,0,1
5,1,127,4,14,4,4,0,0,1
5,1,128,3,11,2,2,0,0,1
5,1,129,4,10,2,2,0,0,1
5,1,130,3,12,1,1,0,0,1
5,1,131,1,7,3,3,0,0,1
5,1,132,4,8,2,2,0,0,1
5,1,133,3,10,1,1,0,0,1
5,1,134,4,4,3,3,0,0,1
5,1,135,4,15,4,4,0,0,1
5,1,136,4,3,1,1,0,0,1
5,1,137,3,5,1,1,0,0,1
5,1,138,1,10,2,2,0,0,1
5,1,139,4,9,2,2,0,0,1
5,1,140,3,3,4,4,0,0,1
5,1,141,1,7,4,4,0,0,1
5,1,142,3,7,1,1,0,0,1
5,1,143,1,7,1,1,0,0,1
5,1,144,3,5,3,2,0,0,0
5,1,145,2,9,2,2,0,0,1
5,1,146,1,14,2,2,0,0,1
5,1,147,1,5,4,4,0,0,1
5,1,148,3,12,4,4,0,0,1
5,1,149,1,8,3,3,0,0,1
5,1,150,3,10,4,4,0,0,1
5,1,151,4,14,2,2,0,0,1
5,1,152,1,7,1,1,0,0,1
5,1,153,1,4,3,4,0,0,0
5,1,154,3,9,2,2,0,0,1
5,1,155,4,7,1,1,0,0,1
5,1,156,4,2,3,1,1,0,0
5,1,157,4,6,4,4,4,1,1
5,1,158,4,11,3,3,4,1,1
5,1,159,4,4,4,4,4,1,1
5,1,160,3,1,1,1,3,1,1
6,1,1,4,12,1,1,0,0,1
6,1,2,4,14,1,1,0,0,1
6,1,3,1,9,4,4,0,0,1
6,1,4,3,12,3,3,0,0,1
6,1,5,3,1,2,2,0,0,1
6,1,6,1,9,3,3,0,0,1
6,1,7,4,4,1,1,0,0,1
6,1,8,4,12,4,4,0,0,1
6,1,9,3,3,1,1,0,0,1
6,1,10,3,10,2,2,0,0,1
6,1,11,1,7,4,4,0,0,1
6,1,12,2,8,3,3,0,0,1
6,1,13,3,12,4,2,0,0,0
6,1,14,2,5,2,2,0,0,1
6,1,15,1,13,2,2,0,0,1
6,1,16,1,15,2,2,0,0,1
6,1,17,3,8,4,4,0,0,1
6,1,18,1,11,4,4,0,0,1
6,1,19,1,8,2,2,0,0,1
6,1,20,3,13,3,3,0,0,1
6,1,21,1,9,4,4,0,0,1
6,1,22,4,6,1,2,0,0,0
6,1,23,2,1,2,2,0,0,1
6,1,24,2,1,2,2,0,0,1
6,1,25,2,4,4,4,0,0,1
6,1,26,2,5,1,1,0,0,1
6,1,27,3,5,4,4,0,0,1
6,1,28,2,4,4,4,0,0,1
6,1,29,3,1,1,1,0,0,1
6,1,30,2,5,1,1,0,0,1
6,1,31,3,1,2,2,0,0,1
6,1,32,2,10,1,1,0,0,1
6,1,33,3,7,1,1,0,0,1
6,1,34,2,3,1,1,0,0,1
6,1,35,2,9,4,4,0,0,1
6,1,36,4,6,1,1,0,0,1
6,1,37,3,11,1,1,0,0,1
6,1,38,4,15,3,3,0,0,1
6,1,39,2,4,1,1,0,0,1
6,1,40,1,13,4,4,0,0,1
6,1,41,1,8,4,4,0,0,1
6,1,42,2,4,2,2,0,0,1
6,1,43,3,6,3,3,0,0,1
6,1,44,2,14,1,1,0,0,1
6,1,45,1,7,1,1,0,0,1
6,1,46,4,11,1,1,0,0,1
6,1,47,3,15,4,4,0,0,1
6,1,48,4,1,3,3,0,0,1
6,1,49,1,1,4,4,0,0,1
6,1,50,2,3,4,4,0,0,1
6,1,51,2,9,1,1,0,0,1
6,1,52,4,2,3,3,0,0,1
6,1,53,1,10,3,3,0,0,1
6,1,54,2,10,1,1,0,0,1
6,1,55,2,6,2,2,0,0,1
6,1,56,4,10,3,3,0,0,1
6,1,57,2,13,1,1,0,0,1
6,1,58,1,11,2,2,0,0,1
6,1,59,3,14,2,2,0,0,1
6,1,60,1,12,4,4,0,0,1
6,1,61,4,4,2,1,0,0,0
6,1,62,1,15,1,1,0,0,1
6,1,63,4,1,2,2,0,0,1
6,1,64,2,9,3,3,0,0,1
6,1,65,1,13,4,4,0,0,1
6,1,66,4,2,1,1,0,0,1
6,1,67,3,14,3,3,0,0,1
6,1,68,3,7,4,4,0,0,1
6,1,69,2,6,2,2,0,0,1
6,1,70,2,14,4,4,0,0,1
6,1,71,2,2,2,2,0,0,1
6,1,72,4,15,2,2,0,0,1
6,1,73,1,10,3,3,0,0,1
6,1,74,3,7,2,2,0,0,1
6,1,75,4,1,1,1,0,0,1
6,1,76,1,12,2,2,0,0,1
6,1,77,3,11,1,1,0,0,1
6,1,78,3,4,3,3,0,0,1
6,1,79,2,12,1,1,0,0,1
6,1,80,1,8,2,2,0,0,1
6,1,81,1,10,4,4,0,0,1
6,1,82,1,11,1,1,0,0,1
6,1,83,3,13,3,3,0,0,1
6,1,84,3,7,1,1,0,0,1
6,1,85,2,11,4,4,0,0,1
6,1,86,3,11,1,1,0,0,1
6,1,87,4,5,4,4,0,0,1
6,1,88,3,1,2,2,0,0,1
6,1,89,4,11,2,2,0,0,1
6,1,90,1,14,4,4,0,0,1
6,1,91,1,5,1,1,0,0,1
6,1,92,2,10,2,2,0,0,1
6,1,93,2,7,4,4,0,0,1
6,1,94,3,5,4,4,0,0,1
6,1,95,4,3,4,4,0,0,1
6,1,96,1,7,4,4,0,0,1
6,1,97,3,10,2,2,0,0,1
6,1,98,2,4,2,2,0,0,1
6,1,99,1,7,4,4,0,0,1
6,1,100,4,2,4,4,0,0,1
6,1,101,4,5,2,2,0,0,1
6,1,102,1,5,1,1,0,0,1
6,1,103,4,11,4,4,0,0,1
6,1,104,1,2,2,2,0,0,1
6,1,105,4,8,2,2,0,0,1
6,1,106,2,12,1,1,0,0,1
6,1,107,3,2,3,3,0,0,1
6,1,108,1,3,4,4,0,0,1
6,1,109,2,7,1,1,0,0,1
6,1,110,3,5,4,4,0,0,1
6,1,111,1,6,1,1,0,0,1
6,1,112,4,4,1,1,0,0,1
6,1,113,3,12,1,1,0,0,1
6,1,114,1,4,1,1,0,0,1
6,1,115,3,13,1,1,0,0,1
6,1,116,3,7,4,4,0,0,1
6,1,117,4,11,4,4,0,0,1
6,1,118,1,14,3,3,0,0,1
6,1,119,4,2,3,3,0,0,1
6,1,120,4,7,2,2,0,0,1
6,1,121,3,5,3,3,0,0,1
6,1,122,4,12,3,3,0,0,1
6,1,123,3,4,4,4,0,0,1
6,1,124,3,9,2,2,0,0,1
6,1,125,1,2,3,3,0,0,1
6,1,126,2,2,1,1,0,0,1
6,1,127,2,1,2,2,0,0,1
6,1,128,4,2,1,1,0,0,1
6,1,129,1,11,4,4,0,0,1
6,1,130,2,11,2,2,0,0,1
6,1,131,3,6,3,3,0,0,1
6,1,132,3,1,1,1,0,0,1
6,1,133,4,13,2,2,0,0,1
6,1,134,4,5,4,4,0,0,1
6,1,135,4,13,1,1,0,0,1
6,1,136,3,10,4,4,0,0,1
6,1,137,4,8,1,1,0,0,1
6,1,138,4,4,1,1,0,0,1
6,1,139,3,8,2,2,0,0,1
6,1,140,2,14,1,1,0,0,1
6,1,141,1,15,2,2,0,0,1
6,1,142,4,15,4,4,0,0,1
6,1,143,4,3,1,1,0,0,1
6,1,144,2,14,1,1,0,0,1
6,1,145,4,13,1,1,0,0,1
6,1,146,2,5,3,3,0,0,1
6,1,147,4,3,1,1,0,0,1
6,1,148,1,15,4,4,0,0,1
6,1,149,1,1,4,4,0,0,1
6,1,150,1,12,3,3,0,0,1
6,1,151,2,10,3,3,0,0,1
6,1,152,1,9,1,1,0,0,1
6,1,153,2,8,3,3,0,0,1
6,1,154,4,14,2,2,0,0,1
6,1,155,4,5,3,3,0,0,1
6,1,156,2,3,3,1,1,0,0
6,1,157,1,7,1,1,1,1,1
6,1,158,3,5,2,2,3,1,1
6,1,159,3,3,3,4,3,1,0
6,1,160,2,15,4,4,2,1,1
7,1,1,1,8,2,2,0,0,1
7,1,2,1,11,3,3,0,0,1
7,1,3,3,13,2,3,0,0,0
7,1,4,2,3,2,2,0,0,1
7,1,5,4,5,2,2,0,0,1
7,1,6,1,11,2,2,0,0,1
7,1,7,3,3,3,3,0,0,1
7,1,8,2,4,2,2,0,0,1
7,1,9,4,14,1,1,0,0,1
7,1,10,1,10,1,1,0,0,1
7,1,11,1,4,1,1,0,0,1
7,1,12,3,10,1,1,0,0,1
7,1,13,1,3,3,3,0,0,1
7,1,14,4,6,2,1,0,0,0
7,1,15,2,7,4,3,0,0,0
7,1,16,2,14,2,2,0,0,1
7,1,17,4,8,3,2,0,0,0
7,1,18,4,14,3,2,0,0,0
7,1,19,1,13,3,3,0,0,1
7,1,20,2,3,2,2,0,0,1
7,1,21,3,2,4,3,0,0,0
7,1,22,3,2,4,4,0,0,1
7,1,23,3,1,2,2,0,0,1
7,1,24,2,2,2,2,0,0,1
7,1,25,1,4,3,4,0,0,0
7,1,26,2,7,3,4,0,0,0
7,1,27,4,3,1,1,0,0,1
7,1,28,1,6,1,2,0,0,0
7,1,29,4,7,1,2,0,0,0
7,1,30,2,7,2,1,0,0,0
7,1,31,3,6,4,4,0,0,1
7,1,32,3,7,3,3,0,0,1
7,1,33,4,10,2,4,0,0,0
7,1,34,4,13,2,4,0,0,0
7,1,35,2,10,2,2,0,0,1
7,1,36,1,8,1,1,0,0,1
7,1,37,4,6,3,3,0,0,1
7,1,38,3,9,3,2,0,0,0
7,1,39,2,14,3,2,0,0,0
7,1,40,4,8,3,2,0,0,0
7,1,41,4,13,3,2,0,0,0
7,1,42,1,2,2,3,0,0,0
7,1,43,2,14,2,1,0,0,0
7,1,44,1,3,1,2,0,0,0
7,1,45,4,13,2,3,0,0,0
7,1,46,2,7,1,1,0,0,1
7,1,47,4,5,3,3,0,0,1
7,1,48,2,2,4,3,0,0,0
7,1,49,4,4,2,3,0,0,0
7,1,50,3,7,1,3,0,0,0
7,1,51,2,9,4,2,0,0,0
7,1,52,2,8,2,2,0,0,1
7,1,53,3,7,4,2,0,0,0
7,1,54,3,11,4,2,0,0,0
7,1,55,2,8,2,2,0,0,1
7,1,56,4,1,1,2,0,0,0
7,1,57,3,11,2,3,0,0,0
7,1,58,3,2,1,2,0,0,0
7,1,59,3,12,4,2,0,0,0
7,1,60,2,13,4,2,0,0,0
7,1,61,3,12,2,2,0,0,1
7,1,62,4,3,2,2,0,0,1
7,1,63,2,12,1,2,0,0,0
7,1,64,2,8,4,4,0,0,1
7,1,65,1,8,3,3,0,0,1
7,1,66,2,3,2,2,0,0,1
7,1,67,3,5,1,1,0,0,1
7,1,68,1,2,2,2,0,0,1
7,1,69,4,3,3,2,0,0,0
7,1,70,4,13,1,2,0,0,0
7,1,71,4,8,4,2,0,0,0
7,1,72,2,4,1,2,0,0,0
7,1,73,3,10,4,3,0,0,0
7,1,74,2,6,4,3,0,0,0
7,1,75,1,3,2,2,0,0,1
7,1,76,3,13,2,3,0,0,0
7,1,77,1,5,4,1,0,0,0
7,1,78,3,12,2,2,0,0,1
7,1,79,2,15,1,1,0,0,1
7,1,80,1,14,3,3,0,0,1
7,1,81,2,14,1,1,0,0,1
7,1,82,4,10,4,4,0,0,1
7,1,83,4,7,2,2,0,0,1
7,1,84,2,9,3,3,0,0,1
7,1,85,4,6,2,2,0,0,1
7,1,86,3,13,4,4,0,0,1
7,1,87,2,14,4,4,0,0,1
7,1,88,3,2,4,4,0,0,1
7,1,89,4,2,4,4,0,0,1
7,1,90,1,8,4,4,0,0,1
7,1,91,1,14,1,1,0,0,1
7,1,92,3,15,3,4,0,0,0
7,1,93,3,13,4,4,0,0,1
7,1,94,3,9,1,2,0,0,0
7,1,95,2,6,1,1,0,0,1
7,1,96,2,8,2,2,0,0,1
7,1,97,2,4,2,2,0,0,1
7,1,98,1,9,4,4,0,0,1
7,1,99,4,7,1,1,0,0,1
7,1,100,1,8,1,1,0,0,1
7,1,101,3,6,2,2,0,0,1
7,1,102,3,13,1,1,0,0,1
7,1,103,1,14,1,1,0,0,1
7,1,104,3,7,4,4,0,0,1
7,1,105,1,13,3,3,0,0,1
7,1,106,4,12,1,1,0,0,1
7,1,107,3,15,2,2,0,0,1
7,1,108,2,2,4,2,0,0,0
7,1,109,2,8,2,2,0,0,1
7,1,110,1,11,2,2,0,0,1
7,1,111,3,13,3,3,0,0,1
7,1,112,4,11,4,4,0,0,1
7,1,113,3,1,2,1,0,0,0
7,1,114,3,15,1,3,0,0,0
7,1,115,1,6,1,2,0,0,0
7,1,116,1,5,1,2,0,0,0
7,1,117,1,11,4,4,0,0,1
7,1,118,4,4,1,1,0,0,1
7,1,119,2,4,3,3,0,0,1
7,1,120,1,14,4,3,0,0,0
7,1,121,3,15,3,3,0,0,1
7,1,122,4,12,4,4,0,0,1
7,1,123,4,8,2,2,0,0,1
7,1,124,3,7,3,3,0,0,1
7,1,125,1,4,3,3,0,0,1
7,1,126,2,11,3,3,0,0,1
7,1,127,2,2,2,2,0,0,1
7,1,128,1,2,4,4,0,0,1
7,1,129,4,9,3,3,0,0,1
7,1,130,4,12,1,1,0,0,1
7,1,131,3,14,1,2,0,0,0
7,1,132,2,5,3,3,0,0,1
7,1,133,1,4,4,4,0,0,1
7,1,134,1,4,2,2,0,0,1
7,1,135,3,4,3,2,0,0,0
7,1,136,1,2,1,2,0,0,0
7,1,137,4,13,3,3,0,0,1
7,1,138,4,13,3,3,0,0,1
7,1,139,3,2,1,3,0,0,0
7,1,140,1,2,3,3,0,0,1
7,1,141,4,1,3,4,0,0,0
7,1,142,1,2,2,2,0,0,1
7,1,143,2,2,1,1,0,0,1
7,1,144,2,13,4,4,0,0,1
7,1,145,2,13,1,1,0,0,1
7,1,146,4,6,1,1,0,0,1
7,1,147,4,7,1,1,0,0,1
7,1,148,3,14,3,3,0,0,1
7,1,149,1,14,2,2,0,0,1
7,1,150,2,1,3,3,0,0,1
7,1,151,1,12,1,1,0,0,1
7,1,152,1,15,1,1,0,0,1
7,1,153,4,13,3,3,0,0,1
7,1,154,4,13,4,4,0,0,1
7,1,155,3,8,1,1,0,0,1
7,1,156,2,1,2,2,1,0,1
7,1,157,1,5,3,3,1,1,1
7,1,158,4,1,4,3,2,0,0
7,1,159,3,14,2,2,3,1,1
7,1,160,1,5,4,4,1,1,1
8,1,1,3,11,1,1,0,0,1
8,1,2,4,11,2,2,0,0,1
8,1,3,3,13,3,3,0,0,1
8,1,4,1,6,3,3,0,0,1
8,1,5,1,12,1,1,0,0,1
8,1,6,2,15,4,4,0,0,1
8,1,7,2,3,1,1,0,0,1
8,1,8,2,7,3,3,0,0,1
8,1,9,1,15,1,1,0,0,1
8,1,10,2,14,2,2,0,0,1
8,1,11,4,13,3,3,0,0,1
8,1,12,1,12,4,4,0,0,1
8,1,13,3,13,3,3,0,0,1
8,1,14,4,10,4,4,0,0,1
8,1,15,1,14,3,3,0,0,1
8,1,16,2,14,2,2,0,0,1
8,1,17,4,13,3,3,0,0,1
8,1,18,2,9,1,1,0,0,1
8,1,19,4,9,1,1,0,0,1
8,1,20,2,15,3,3,0,0,1
8,1,21,2,6,4,4,0,0,1
8,1,22,1,11,2,2,0,0,1
8,1,23,1,8,1,1,0,0,1
8,1,24,1,4,2,2,0,0,1
8,1,25,3,12,4,4,0,0,1
8,1,26,1,2,3,2,0,0,0
8,1,27,4,9,4,4,0,0,1
8,1,28,2,11,1,1,0,0,1
8,1,29,3,8,2,2,0,0,1
8,1,30,2,1,3,3,0,0,1
8,1,31,2,1,1,1,0,0,1
8,1,32,1,7,1,1,0,0,1
8,1,33,1,11,1,1,0,0,1
8,1,34,2,13,4,4,0,0,1
8,1,35,1,6,4,4,0,0,1
8,1,36,1,8,1,1,0,0,1
8,1,37,2,15,2,1,0,0,0
8,1,38,1,6,1,1,0,0,1
8,1,39,2,15,2,2,0,0,1
8,1,40,2,9,3,3,0,0,1
8,1,41,4,4,1,1,0,0,1
8,1,42,1,4,1,1,0,0,1
8,1,43,1,6,3,3,0,0,1
8,1,44,1,14,1,1,0,0,1
8,1,45,1,8,2,2,0,0,1
8,1,46,3,9,1,1,0,0,1
8,1,47,4,3,3,3,0,0,1
8,1,48,3,5,4,4,0,0,1
8,1,49,2,10,3,3,0,0,1
8,1,50,2,8,2,2,0,0,1
8,1,51,1,11,1,1,0,0,1
8,1,52,1,10,4,4,0,0,1
8,1,53,3,7,1,1,0,0,1
8,1,54,4,15,1,1,0,0,1
8,1,55,2,14,4,4,0,0,1
8,1,56,2,10,3,3,0,0,1
8,1,57,2,9,2,2,0,0,1
8,1,58,4,2,2,2,0,0,1
8,1,59,1,14,1,1,0,0,1
8,1,60,3,1,1,1,0,0,1
8,1,61,2,14,2,2,0,0,1
8,1,62,3,11,4,4,0,0,1
8,1,63,3,4,1,1,0,0,1
8,1,64,3,1,1,1,0,0,1
8,1,65,1,6,2,2,0,0,1
8,1,66,4,5,2,2,0,0,1
8,1,67,4,1,2,3,0,0,0
8,1,68,1,3,4,4,0,0,1
8,1,69,3,6,1,1,0,0,1
8,1,70,2,14,4,4,0,0,1
8,1,71,3,2,4,4,0,0,1
8,1,72,1,10,4,4,0,0,1
8,1,73,1,6,4,4,0,0,1
8,1,74,4,1,4,4,0,0,1
8,1,75,4,11,4,4,0,0,1
8,1,76,2,9,1,1,0,0,1
8,1,77,3,3,2,2,0,0,1
8,1,78,1,5,3,3,0,0,1
8,1,79,1,11,1,1,0,0,1
8,1,80,4,8,4,4,0,0,1
8,1,81,3,3,1,1,0,0,1
8,1,82,4,12,4,4,0,0,1
8,1,83,3,5,1,1,0,0,1
8,1,84,4,1,3,3,0,0,1
8,1,85,3,9,4,4,0,0,1
8,1,86,2,5,2,2,0,0,1
8,1,87,4,8,3,3,0,0,1
8,1,88,4,15,3,3,0,0,1
8,1,89,3,10,3,3,0,0,1
8,1,90,3,13,2,2,0,0,1
8,1,91,4,13,4,4,0,0,1
8,1,92,3,3,2,2,0,0,1
8,1,93,1,13,3,3,0,0,1
8,1,94,4,11,4,4,0,0,1
8,1,95,1,7,4,4,0,0,1
8,1,96,1,10,2,2,0,0,1
8,1,97,3,12,1,1,0,0,1
8,1,98,4,15,2,2,0,0,1
8,1,99,2,10,4,4,0,0,1
8,1,100,3,11,1,1,0,0,1
8,1,101,4,12,1,1,0,0,1
8,1,102,2,12,2,2,0,0,1
8,1,103,2,10,1,1,0,0,1
8,1,104,3,8,1,1,0,0,1
8,1,105,4,14,1,1,0,0,1
8,1,106,4,8,2,2,0,0,1
8,1,107,1,13,4,4,0,0,1
8,1,108,2,5,2,2,0,0,1
8,1,109,3,8,3,3,0,0,1
8,1,110,3,10,3,3,0,0,1
8,1,111,3,15,4,4,0,0,1
8,1,112,1,7,4,4,0,0,1
8,1,113,3,8,4,4,0,0,1
8,1,114,3,4,2,2,0,0,1
8,1,115,3,13,2,2,0,0,1
8,1,116,3,15,2,2,0,0,1
8,1,117,4,6,3,3,0,0,1
8,1,118,1,3,4,4,0,0,1
8,1,119,4,11,3,3,0,0,1
8,1,120,4,9,3,3,0,0,1
8,1,121,1,5,4,4,0,0,1
8,1,122,2,6,1,1,0,0,1
8,1,123,2,8,2,2,0,0,1
8,1,124,3,5,3,3,0,0,1
8,1,125,3,13,3,3,0,0,1
8,1,126,1,13,4,4,0,0,1
8,1,127,1,11,2,2,0,0,1
8,1,128,2,11,2,2,0,0,1
8,1,129,2,6,3,3,0,0,1
8,1,130,4,11,1,1,0,0,1
8,1,131,2,8,4,4,0,0,1
8,1,132,4,5,3,3,0,0,1
8,1,133,4,5,1,1,0,0,1
8,1,134,4,9,1,1,0,0,1
8,1,135,4,15,4,4,0,0,1
8,1,136,2,2,4,4,0,0,1
8,1,137,3,2,4,4,0,0,1
8,1,138,2,1,2,2,0,0,1
8,1,139,3,10,2,2,0,0,1
8,1,140,1,6,2,2,0,0,1
8,1,141,1,9,1,1,0,0,1
8,1,142,2,9,4,4,0,0,1
8,1,143,4,12,4,4,0,0,1
8,1,144,4,1,2,2,0,0,1
8,1,145,2,5,1,1,0,0,1
8,1,146,1,3,1,1,0,0,1
8,1,147,2,1,1,1,0,0,1
8,1,148,3,14,3,3,0,0,1
8,1,149,4,15,1,1,0,0,1
8,1,150,3,10,2,2,0,0,1
8,1,151,2,7,1,1,0,0,1
8,1,152,1,4,4,4,0,0,1
8,1,153,4,8,2,2,0,0,1
8,1,154,4,15,3,3,0,0,1
8,1,155,3,8,1,1,0,0,1
8,1,156,3,12,4,1,1,0,0
8,1,157,4,10,4,4,4,1,1
8,1,158,4,13,3,3,4,1,1
8,1,159,3,12,4,4,3,1,1
8,1,160,2,4,2,2,2,1,1
9,1,1,2,9,2,2,0,0,1
9,1,2,2,5,2,2,0,0,1
9,1,3,1,7,1,1,0,0,1
9,1,4,1,4,4,4,0,0,1
9,1,5,1,8,2,2,0,0,1
9,1,6,4,15,3,3,0,0,1
9,1,7,3,8,1,1,0,0,1
9,1,8,4,12,4,4,0,0,1
9,1,9,4,10,4,4,0,0,1
9,1,10,4,13,3,3,0,0,1
9,1,11,2,12,4,4,0,0,1
9,1,12,1,4,2,2,0,0,1
9,1,13,1,14,3,3,0,0,1
9,1,14,3,5,3,3,0,0,1
9,1,15,2,8,2,2,0,0,1
9,1,16,4,10,3,3,0,0,1
9,1,17,1,4,4,4,0,0,1
9,1,18,2,13,4,4,0,0,1
9,1,19,1,12,1,1,0,0,1
9,1,20,4,8,4,4,0,0,1
9,1,21,3,13,1,1,0,0,1
9,1,22,1,13,2,2,0,0,1
9,1,23,2,15,4,4,0,0,1
9,1,24,2,15,4,4,0,0,1
9,1,25,2,3,2,2,0,0,1
9,1,26,3,14,4,4,0,0,1
9,1,27,1,4,2,2,0,0,1
9,1,28,1,5,3,3,0,0,1
9,1,29,3,8,2,2,0,0,1
9,1,30,3,6,1,1,0,0,1
9,1,31,1,10,2,2,0,0,1
9,1,32,2,15,4,4,0,0,1
9,1,33,1,5,2,2,0,0,1
9,1,34,3,15,1,1,0,0,1
9,1,35,2,6,4,4,0,0,1
9,1,36,1,8,2,2,0,0,1
9,1,37,3,12,3,3,0,0,1
9,1,38,2,14,1,1,0,0,1
9,1,39,2,3,3,3,0,0,1
9,1,40,4,7,4,4,0,0,1
9,1,41,2,1,2,2,0,0,1
9,1,42,1,1,4,4,0,0,1
9,1,43,2,11,1,1,0,0,1
9,1,44,3,6,3,3,0,0,1
9,1,45,3,13,3,3,0,0,1
9,1,46,3,9,3,3,0,0,1
9,1,47,3,7,2,2,0,0,1
9,1,48,2,6,1,1,0,0,1
9,1,49,3,9,4,4,0,0,1
9,1,50,3,12,3,3,0,0,1
9,1,51,2,4,2,2,0,0,1
9,1,52,2,3,4,4,0,0,1
9,1,53,3,4,1,1,0,0,1
9,1,54,4,13,3,3,0,0,1
9,1,55,4,9,3,3,0,0,1
9,1,56,2,2,1,1,0,0,1
9,1,57,1,1,1,1,0,0,1
9,1,58,4,14,1,1,0,0,1
9,1,59,4,2,4,4,0,0,1
9,1,60,4,15,3,3,0,0,1
9,1,61,4,1,2,2,0,0,1
9,1,62,1,8,2,2,0,0,1
9,1,63,1,3,1,1,0,0,1
9,1,64,4,11,4,4,0,0,1
9,1,65,3,4,2,2,0,0,1
9,1,66,2,7,3,3,0,0,1
9,1,67,3,3,2,2,0,0,1
9,1,68,2,2,1,1,0,0,1
9,1,69,1,15,4,4,0,0,1
9,1,70,1,11,3,3,0,0,1
9,1,71,2,1,2,2,0,0,1
9,1,72,3,6,4,4,0,0,1
9,1,73,2,5,4,4,0,0,1
9,1,74,3,8,4,4,0,0,1
9,1,75,4,1,4,4,0,0,1
9,1,76,1,6,4,4,0,0,1
9,1,77,4,13,3,3,0,0,1
9,1,78,3,3,1,1,0,0,1
9,1,79,4,12,3,3,0,0,1
9,1,80,3,14,4,4,0,0,1
9,1,81,3,4,4,4,0,0,1
9,1,82,1,13,1,1,0,0,1
9,1,83,1,4,1,1,0,0,1
9,1,84,3,1,2,2,0,0,1
9,1,85,3,2,4,4,0,0,1
9,1,86,4,14,1,1,0,0,1
9,1,87,4,4,1,1,0,0,1
9,1,88,1,3,4,4,0,0,1
9,1,89,1,9,3,3,0,0,1
9,1,90,2,3,3,3,0,0,1
9,1,91,4,7,3,3,0,0,1
9,1,92,4,10,3,3,0,0,1
9,1,93,1,1,4,4,0,0,1
9,1,94,1,13,2,2,0,0,1
9,1,95,2,14,1,1,0,0,1
9,1,96,2,11,4,4,0,0,1
9,1,97,3,4,4,4,0,0,1
9,1,98,3,4,4,4,0,0,1
9,1,99,2,3,1,1,0,0,1
9,1,100,4,4,1,1,0,0,1
9,1,101,1,1,2,2,0,0,1
9,1,102,1,15,4,4,0,0,1
9,1,103,1,6,1,1,0,0,1
9,1,104,3,5,3,3,0,0,1
9,1,105,4,10,2,2,0,0,1
9,1,106,2,3,2,2,0,0,1
9,1,107,3,4,2,2,0,0,1
9,1,108,1,2,4,4,0,0,1
9,1,109,4,10,3,3,0,0,1
9,1,110,3,13,2,2,0,0,1
9,1,111,4,8,3,3,0,0,1
9,1,112,2,6,4,4,0,0,1
9,1,113,2,9,3,3,0,0,1
9,1,114,3,8,2,2,0,0,1
9,1,115,3,13,4,4,0,0,1
9,1,116,4,5,4,4,0,0,1
9,1,117,4,14,1,1,0,0,1
9,1,118,2,13,2,2,0,0,1
9,1,119,4,11,4,4,0,0,1
9,1,120,4,6,3,3,0,0,1
9,1,121,4,2,1,1,0,0,1
9,1,122,1,11,2,2,0,0,1
9,1,123,3,12,4,4,0,0,1
9,1,124,1,14,4,4,0,0,1
9,1,125,3,12,2,2,0,0,1
9,1,126,2,8,3,3,0,0,1
9,1,127,3,13,3,3,0,0,1
9,1,128,1,8,1,1,0,0,1
9,1,129,1,3,2,2,0,0,1
9,1,130,2,11,3,3,0,0,1
9,1,131,2,14,2,2,0,0,1
9,1,132,3,6,3,3,0,0,1
9,1,133,4,8,3,3,0,0,1
9,1,134,3,2,1,1,0,0,1
9,1,135,2,13,1,1,0,0,1
9,1,136,4,4,2,2,0,0,1
9,1,137,2,11,3,3,0,0,1
9,1,138,2,13,3,3,0,0,1
9,1,139,1,15,2,2,0,0,1
9,1,140,4,15,4,4,0,0,1
9,1,141,1,9,1,1,0,0,1
9,1,142,4,6,3,3,0,0,1
9,1,143,3,10,3,3,0,0,1
9,1,144,2,10,1,1,0,0,1
9,1,145,4,4,2,2,0,0,1
9,1,146,4,9,3,3,0,0,1
9,1,147,4,10,1,1,0,0,1
9,1,148,3,2,1,1,0,0,1
9,1,149,2,12,3,3,0,0,1
9,1,150,4,15,3,3,0,0,1
9,1,151,2,5,1,1,0,0,1
9,1,152,3,13,3,3,0,0,1
9,1,153,4,9,4,4,0,0,1
9,1,154,1,3,1,1,0,0,1
9,1,155,4,1,2,2,0,0,1
9,1,156,2,15,2,2,1,0,1
9,1,157,1,4,2,2,1,1,1
9,1,158,3,7,2,2,3,1,1
9,1,159,1,5,2,2,1,1,1
9,1,160,1,12,3,3,1,1,1
10,1,1,1,7,3,3,0,0,1
10,1,2,2,7,1,1,0,0,1
10,1,3,2,14,3,3,0,0,1
10,1,4,4,8,4,4,0,0,1
10,1,5,3,11,2,2,0,0,1
10,1,6,1,8,4,4,0,0,1
10,1,7,3,8,3,3,0,0,1
10,1,8,3,8,2,2,0,0,1
10,1,9,3,9,2,2,0,0,1
10,1,10,2,8,2,2,0,0,1
10,1,11,4,7,4,4,0,0,1
10,1,12,1,7,2,2,0,0,1
10,1,13,2,14,3,3,0,0,1
10,1,14,2,14,4,4,0,0,1
10,1,15,1,6,3,3,0,0,1
10,1,16,4,7,2,2,0,0,1
10,1,17,1,11,3,3,0,0,1
10,1,18,1,4,4,4,0,0,1
10,1,19,3,12,4,4,0,0,1
10,1,20,3,4,4,4,0,0,1
10,1,21,2,10,4,4,0,0,1
10,1,22,3,1,2,2,0,0,1
10,1,23,4,5,4,4,0,0,1
10,1,24,3,10,3,3,0,0,1
10,1,25,3,11,4,4,0,0,1
10,1,26,1,10,3,3,0,0,1
10,1,27,4,14,2,2,0,0,1
10,1,28,3,13,4,4,0,0,1
10,1,29,1,5,2,2,0,0,1
10,1,30,2,10,1,1,0,0,1
10,1,31,1,5,4,4,0,0,1
10,1,32,4,11,4,4,0,0,1
10,1,33,2,13,1,1,0,0,1
10,1,34,3,14,3,3,0,0,1
10,1,35,2,6,3,3,0,0,1
10,1,36,2,4,3,3,0,0,1
10,1,37,2,13,2,2,0,0,1
10,1,38,2,8,3,3,0,0,1
10,1,39,1,7,4,4,0,0,1
10,1,40,1,13,4,4,0,0,1
10,1,41,3,2,3,3,0,0,1
10,1,42,4,1,2,2,0,0,1
10,1,43,1,8,3,3,0,0,1
10,1,44,4,1,4,4,0,0,1
10,1,45,1,7,3,3,0,0,1
10,1,46,4,8,2,2,0,0,1
10,1,47,2,14,2,2,0,0,1
10,1,48,2,4,1,1,0,0,1
10,1,49,2,12,2,2,0,0,1
10,1,50,3,13,1,1,0,0,1
10,1,51,4,12,1,1,0,0,1
10,1,52,2,14,1,1,0,0,1
10,1,53,2,13,2,2,0,0,1
10,1,54,3,3,1,1,0,0,1
10,1,55,4,1,2,2,0,0,1
10,1,56,3,13,4,4,0,0,1
10,1,57,4,13,4,4,0,0,1
10,1,58,1,8,4,4,0,0,1
10,1,59,1,15,4,4,0,0,1
10,1,60,4,7,3,3,0,0,1
10,1,61,3,4,1,1,0,0,1
10,1,62,4,5,3,3,0,0,1
10,1,63,2,15,3,3,0,0,1
10,1,64,3,1,4,4,0,0,1
10,1,65,4,3,4,4,0,0,1
10,1,66,1,15,3,3,0,0,1
10,1,67,3,3,1,1,0,0,1
10,1,68,2,2,4,4,0,0,1
10,1,69,3,7,2,2,0,0,1
10,1,70,3,3,4,4,0,0,1
10,1,71,3,14,3,3,0,0,1
10,1,72,1,2,2,2,0,0,1
10,1,73,1,1,3,3,0,0,1
10,1,74,1,3,1,1,0,0,1
10,1,75,1,10,2,2,0,0,1
10,1,76,1,15,4,4,0,0,1
10,1,77,1,3,3,3,0,0,1
10,1,78,3,13,4,4,0,0,1
10,1,79,3,8,3,3,0,0,1
10,1,80,3,3,1,1,0,0,1
10,1,81,1,14,3,3,0,0,1
10,1,82,4,10,2,2,0,0,1
10,1,83,4,5,4,4,0,0,1
10,1,84,2,2,3,3,0,0,1
10,1,85,3,11,3,3,0,0,1
10,1,86,3,3,2,2,0,0,1
10,1,87,4,9,1,1,0,0,1
10,1,88,2,13,2,2,0,0,1
10,1,89,2,10,4,4,0,0,1
10,1,90,3,13,4,4,0,0,1
10,1,91,2,9,2,2,0,0,1
10,1,92,2,14,1,1,0,0,1
10,1,93,4,1,3,3,0,0,1
10,1,94,3,4,3,3,0,0,1
10,1,95,1,1,2,2,0,0,1
10,1,96,4,12,1,1,0,0,1
10,1,97,1,4,1,1,0,0,1
10,1,98,4,13,4,4,0,0,1
10,1,99,3,13,3,3,0,0,1
10,1,100,2,9,1,1,0,0,1
10,1,101,1,15,3,3,0,0,1
10,1,102,1,7,1,1,0,0,1
10,1,103,4,1,4,4,0,0,1
10,1,104,4,1,3,3,0,0,1
10,1,105,3,8,4,4,0,0,1
10,1,106,4,7,4,4,0,0,1
10,1,107,2,3,1,1,0,0,1
10,1,108,2,6,4,4,0,0,1
10,1,109,3,1,4,4,0,0,1
10,1,110,1,3,1,1,0,0,1
10,1,111,2,8,1,1,0,0,1
10,1,112,3,1,1,1,0,0,1
10,1,113,2,2,3,3,0,0,1
10,1,114,1,11,1,1,0,0,1
10,1,115,1,3,4,4,0,0,1
10,1,116,1,14,1,1,0,0,1
10,1,117,2,13,1,1,0,0,1
10,1,118,4,8,2,2,0,0,1
10,1,119,1,11,3,3,0,0,1
10,1,120,2,1,3,3,0,0,1
10,1,121,4,15,2,2,0,0,1
10,1,122,2,3,1,1,0,0,1
10,1,123,1,10,3,3,0,0,1
10,1,124,3,14,4,4,0,0,1
10,1,125,4,7,1,1,0,0,1
10,1,126,4,2,2,2,0,0,1
10,1,127,1,8,3,3,0,0,1
10,1,128,4,3,2,2,0,0,1
10,1,129,3,1,4,4,0,0,1
10,1,130,4,6,3,3,0,0,1
10,1,131,2,6,4,4,0,0,1
10,1,132,3,12,4,4,0,0,1
10,1,133,1,11,2,2,0,0,1
10,1,134,2,10,3,3,0,0,1
10,1,135,3,2,1,1,0,0,1
10,1,136,2,14,1,1,0,0,1
10,1,137,2,13,3,3,0,0,1
10,1,138,4,15,2,2,0,0,1
10,1,139,4,9,2,2,0,0,1
10,1,140,1,2,4,4,0,0,1
10,1,141,1,14,2,2,0,0,1
10,1,142,1,6,1,1,0,0,1
10,1,143,1,10,1,1,0,0,1
10,1,144,4,7,4,4,0,0,1
10,1,145,4,8,3,3,0,0,1
10,1,146,2,7,4,4,0,0,1
10,1,147,3,4,2,2,0,0,1
10,1,148,3,11,4,4,0,0,1
10,1,149,4,3,4,4,0,0,1
10,1,150,3,10,4,4,0,0,1
10,1,151,3,12,3,3,0,0,1
10,1,152,4,6,3,3,0,0,1
10,1,153,2,7,4,4,0,0,1
10,1,154,4,7,2,2,0,0,1
10,1,155,4,14,3,3,0,0,1
10,1,156,2,6,2,2,2,1,1
10,1,157,4,12,2,2,4,1,1
10,1,158,4,4,4,4,4,1,1
10,1,159,2,14,3,3,2,1,1
10,1,160,1,7,1,1,1,1,1
11,1,1,2,2,1,1,0,0,1
11,1,2,1,15,3,3,0,0,1
11,1,3,2,7,2,2,0,0,1
11,1,4,3,10,3,3,0,0,1
11,1,5,1,12,3,3,0,0,1
11,1,6,1,14,2,2,0,0,1
11,1,7,4,12,2,2,0,0,1
11,1,8,3,14,3,3,0,0,1
11,1,9,1,14,2,2,0,0,1
11,1,10,2,7,2,2,0,0,1
11,1,11,3,15,4,4,0,0,1
11,1,12,1,1,2,2,0,0,1
11,1,13,2,1,1,1,0,0,1
11,1,14,2,6,4,4,0,0,1
11,1,15,1,1,4,4,0,0,1
11,1,16,3,11,4,4,0,0,1
11,1,17,3,15,3,3,0,0,1
11,1,18,2,7,1,1,0,0,1
11,1,19,2,6,1,1,0,0,1
11,1,20,2,13,4,4,0,0,1
11,1,21,1,6,4,4,0,0,1
11,1,22,1,14,2,2,0,0,1
11,1,23,2,11,3,3,0,0,1
11,1,24,4,11,3,3,0,0,1
11,1,25,4,2,3,3,0,0,1
11,1,26,3,12,3,3,0,0,1
11,1,27,1,3,2,2,0,0,1
11,1,28,3,4,1,1,0,0,1
11,1,29,4,6,4,4,0,0,1
11,1,30,2,6,3,3,0,0,1
11,1,31,3,6,1,1,0,0,1
11,1,32,3,14,2,2,0,0,1
11,1,33,2,14,4,4,0,0,1
11,1,34,4,5,3,3,0,0,1
11,1,35,4,6,1,1,0,0,1
11,1,36,2,11,3,3,0,0,1
11,1,37,3,11,1,1,0,0,1
11,1,38,2,12,3,3,0,0,1
11,1,39,4,14,2,2,0,0,1
11,1,40,4,4,4,4,0,0,1
11,1,41,4,13,4,4,0,0,1
11,1,42,2,12,2,2,0,0,1
11,1,43,4,7,1,1,0,0,1
11,1,44,3,9,3,3,0,0,1
11,1,45,1,6,1,1,0,0,1
11,1,46,3,6,1,1,0,0,1
11,1,47,1,3,4,4,0,0,1
11,1,48,4,11,2,2,0,0,1
11,1,49,1,5,4,4,0,0,1
11,1,50,4,8,4,4,0,0,1
11,1,51,4,9,1,1,0,0,1
11,1,52,1,4,2,2,0,0,1
11,1,53,3,5,4,4,0,0,1
11,1,54,1,9,2,2,0,0,1
11,1,55,2,5,1,1,0,0,1
11,1,56,2,8,4,4,0,0,1
11,1,57,4,12,3,3,0,0,1
11,1,58,2,7,1,1,0,0,1
11,1,59,3,4,2,2,0,0,1
11,1,60,1,5,2,2,0,0,1
11,1,61,3,7,3,3,0,0,1
11,1,62,3,10,4,4,0,0,1
11,1,63,1,11,2,2,0,0,1
11,1,64,1,3,1,1,0,0,1
11,1,65,2,9,1,1,0,0,1
11,1,66,4,9,2,2,0,0,1
11,1,67,2,1,4,4,0,0,1
11,1,68,3,9,4,4,0,0,1
11,1,69,1,7,1,1,0,0,1
11,1,70,2,12,2,2,0,0,1
11,1,71,2,8,4,4,0,0,1
11,1,72,2,5,2,2,0,0,1
11,1,73,2,11,3,3,0,0,1
11,1,74,1,10,4,4,0,0,1
11,1,75,3,5,4,4,0,0,1
11,1,76,3,3,4,4,0,0,1
11,1,77,3,14,2,2,0,0,1
11,1,78,4,14,2,2,0,0,1
11,1,79,2,5,4,4,0,0,1
11,1,80,4,1,1,1,0,0,1
11,1,81,3,9,3,3,0,0,1
11,1,82,3,9,1,1,0,0,1
11,1,83,1,14,1,1,0,0,1
11,1,84,1,6,1,1,0,0,1
11,1,85,2,9,1,1,0,0,1
11,1,86,4,2,2,2,0,0,1
11,1,87,4,3,1,1,0,0,1
11,1,88,4,7,1,1,0,0,1
11,1,89,2,5,3,3,0,0,1
11,1,90,3,6,4,4,0,0,1
11,1,91,3,12,3,3,0,0,1
11,1,92,3,5,4,4,0,0,1
11,1,93,4,12,3,3,0,0,1
11,1,94,2,1,4,4,0,0,1
11,1,95,3,3,1,1,0,0,1
11,1,96,1,10,1,1,0,0,1
11,1,97,3,6,4,4,0,0,1
11,1,98,1,12,3,3,0,0,1
11,1,99,4,13,4,4,0,0,1
11,1,100,2,11,2,2,0,0,1
11,1,101,3,8,3,3,0,0,1
11,1,102,1,2,1,1,0,0,1
11,1,103,4,12,3,3,0,0,1
11,1,104,3,9,3,3,0,0,1
11,1,105,4,15,2,2,0,0,1
11,1,106,1,6,2,2,0,0,1
11,1,107,1,6,2,2,0,0,1
11,1,108,1,15,3,3,0,0,1
11,1,109,4,5,3,3,0,0,1
11,1,110,3,4,2,2,0,0,1
11,1,111,1,10,3,3,0,0,1
11,1,112,3,5,3,3,0,0,1
11,1,113,2,4,2,2,0,0,1
11,1,114,4,14,1,1,0,0,1
11,1,115,4,15,2,2,0,0,1
11,1,116,3,10,3,3,0,0,1
11,1,117,1,8,4,4,0,0,1
11,1,118,3,10,4,4,0,0,1
11,1,119,1,15,3,3,0,0,1
11,1,120,2,1,1,1,0,0,1
11,1,121,1,13,2,2,0,0,1
11,1,122,3,3,3,3,0,0,1
11,1,123,1,3,1,1,0,0,1
11,1,124,1,11,2,2,0,0,1
11,1,125,3,5,2,2,0,0,1
11,1,126,1,5,2,2,0,0,1
11,1,127,2,10,1,1,0,0,1
11,1,128,4,3,1,1,0,0,1
11,1,129,4,13,4,4,0,0,1
11,1,130,3,10,2,2,0,0,1
11,1,131,2,5,4,4,0,0,1
11,1,132,4,8,3,3,0,0,1
11,1,133,1,5,3,3,0,0,1
11,1,134,1,8,1,1,0,0,1
11,1,135,2,10,1,1,0,0,1
11,1,136,4,15,2,2,0,0,1
11,1,137,4,1,4,4,0,0,1
11,1,138,3,9,4,4,0,0,1
11,1,139,3,12,3,3,0,0,1
11,1,140,1,2,2,2,0,0,1
11,1,141,2,13,1,1,0,0,1
11,1,142,4,13,3,3,0,0,1
11,1,143,2,10,4,4,0,0,1
11,1,144,3,13,3,3,0,0,1
11,1,145,2,14,3,3,0,0,1
11,1,146,2,11,4,4,0,0,1
11,1,147,1,14,2,2,0,0,1
11,1,148,4,12,1,1,0,0,1
11,1,149,4,5,4,4,0,0,1
11,1,150,4,13,3,3,0,0,1
11,1,151,1,14,3,3,0,0,1
11,1,152,3,6,3,3,0,0,1
11,1,153,4,2,2,2,0,0,1
11,1,154,2,14,2,2,0,0,1
11,1,155,1,10,4,4,0,0,1
11,1,156,4,4,1,1,1,0,1
11,1,157,2,5,4,4,2,1,1
11,1,158,4,4,2,2,4,1,1
11,1,159,4,11,3,3,4,1,1
11,1,160,2,10,4,2,2,1,0
12,1,1,1,11,2,2,0,0,1
12,1,2,4,12,2,2,0,0,1
12,1,3,1,11,4,4,0,0,1
12,1,4,1,8,2,2,0,0,1
12,1,5,3,5,3,3,0,0,1
12,1,6,1,11,4,4,0,0,1
12,1,7,4,14,2,2,0,0,1
12,1,8,2,5,2,2,0,0,1
12,1,9,1,13,2,2,0,0,1
12,1,10,2,14,1,1,0,0,1
12,1,11,2,10,3,3,0,0,1
12,1,12,3,8,3,3,0,0,1
12,1,13,4,15,2,2,0,0,1
12,1,14,4,4,1,1,0,0,1
12,1,15,2,9,3,3,0,0,1
12,1,16,1,4,2,2,0,0,1
12,1,17,3,3,4,4,0,0,1
12,1,18,1,9,2,2,0,0,1
12,1,19,3,5,4,4,0,0,1
12,1,20,2,9,2,2,0,0,1
12,1,21,1,2,1,1,0,0,1
12,1,22,1,2,4,4,0,0,1
12,1,23,3,14,2,2,0,0,1
12,1,24,1,7,2,2,0,0,1
12,1,25,4,15,4,4,0,0,1
12,1,26,3,3,3,3,0,0,1
12,1,27,1,10,1,1,0,0,1
12,1,28,4,4,1,1,0,0,1
12,1,29,2,10,3,3,0,0,1
12,1,30,2,1,3,3,0,0,1
12,1,31,3,5,1,1,0,0,1
12,1,32,2,9,3,3,0,0,1
12,1,33,2,6,3,3,0,0,1
12,1,34,4,1,3,3,0,0,1
12,1,35,1,11,1,1,0,0,1
12,1,36,2,13,1,1,0,0,1
12,1,37,2,8,3,3,0,0,1
12,1,38,3,14,1,1,0,0,1
12,1,39,3,7,1,1,0,0,1
12,1,40,1,15,1,1,0,0,1
12,1,41,2,11,1,1,0,0,1
12,1,42,2,7,1,1,0,0,1
12,1,43,2,5,2,2,0,0,1
12,1,44,2,13,4,4,0,0,1
12,1,45,3,11,4,4,0,0,1
12,1,46,4,11,3,3,0,0,1
12,1,47,4,8,4,4,0,0,1
12,1,48,3,9,3,3,0,0,1
12,1,49,3,3,4,4,0,0,1
12,1,50,4,1,4,4,0,0,1
12,1,51,2,12,2,2,0,0,1
12,1,52,4,6,2,2,0,0,1
12,1,53,4,3,3,3,0,0,1
12,1,54,1,5,4,4,0,0,1
12,1,55,2,8,2,2,0,0,1
12,1,56,3,10,1,1,0,0,1
12,1,57,3,6,2,2,0,0,1
12,1,58,1,10,3,3,0,0,1
12,1,59,3,2,4,4,0,0,1
12,1,60,2,5,1,1,0,0,1
12,1,61,2,7,1,1,0,0,1
12,1,62,3,14,1,1,0,0,1
12,1,63,1,13,4,4,0,0,1
12,1,64,4,13,2,2,0,0,1
12,1,65,3,8,3,3,0,0,1
12,1,66,4,2,4,4,0,0,1
12,1,67,4,3,3,3,0,0,1
12,1,68,3,8,3,3,0,0,1
12,1,69,3,9,3,3,0,0,1
12,1,70,1,10,1,1,0,0,1
12,1,71,4,12,3,3,0,0,1
12,1,72,4,15,2,2,0,0,1
12,1,73,2,2,4,4,0,0,1
12,1,74,2,5,4,4,0,0,1
12,1,75,2,5,3,3,0,0,1
12,1,76,3,6,3,3,0,0,1
12,1,77,1,1,4,4,0,0,1
12,1,78,2,11,3,3,0,0,1
12,1,79,3,1,4,4,0,0,1
12,1,80,3,9,4,4,0,0,1
12,1,81,4,14,4,4,0,0,1
12,1,82,4,13,1,1,0,0,1
12,1,83,3,13,1,1,0,0,1
12,1,84,2,8,1,1,0,0,1
12,1,85,4,13,4,4,0,0,1
12,1,86,1,2,2,2,0,0,1
12,1,87,4,6,3,3,0,0,1
12,1,88,1,5,1,1,0,0,1
12,1,89,4,15,4,4,0,0,1
12,1,90,1,2,1,1,0,0,1
12,1,91,3,12,1,1,0,0,1
12,1,92,1,6,2,2,0,0,1
12,1,93,1,9,4,4,0,0,1
12,1,94,1,11,1,1,0,0,1
12,1,95,3,8,1,1,0,0,1
12,1,96,1,12,3,3,0,0,1
12,1,97,1,4,3,3,0,0,1
12,1,98,1,9,2,2,0,0,1
12,1,99,3,4,3,3,0,0,1
12,1,100,2,6,2,2,0,0,1
12,1,101,1,12,4,4,0,0,1
12,1,102,4,5,3,3,0,0,1
12,1,103,3,7,3,3,0,0,1
12,1,104,4,11,2,2,0,0,1
12,1,105,1,11,4,4,0,0,1
12,1,106,2,9,3,3,0,0,1
12,1,107,1,9,3,3,0,0,1
12,1,108,3,15,1,1,0,0,1
12,1,109,1,14,2,2,0,0,1
12,1,110,3,7,4,4,0,0,1
12,1,111,4,2,1,1,0,0,1
12,1,112,4,3,3,3,0,0,1
12,1,113,4,15,1,1,0,0,1
12,1,114,2,7,3,3,0,0,1
12,1,115,1,2,2,2,0,0,1
12,1,116,3,12,4,4,0,0,1
12,1,117,2,1,4,4,0,0,1
12,1,118,2,12,2,2,0,0,1
12,1,119,4,1,4,4,0,0,1
12,1,120,3,4,4,4,0,0,1
12,1,121,4,10,4,4,0,0,1
12,1,122,2,10,3,3,0,0,1
12,1,123,2,11,1,1,0,0,1
12,1,124,1,1,3,3,0,0,1
12,1,125,4,1,1,1,0,0,1
12,1,126,1,14,3,3,0,0,1
12,1,127,3,14,1,1,0,0,1
12,1,128,3,13,1,1,0,0,1
12,1,129,4,7,1,1,0,0,1
12,1,130,3,4,1,1,0,0,1
12,1,131,3,3,4,4,0,0,1
12,1,132,4,7,4,4,0,0,1
12,1,133,2,5,4,4,0,0,1
12,1,134,4,10,1,1,0,0,1
12,1,135,4,8,4,4,0,0,1
12,1,136,3,9,4,4,0,0,1
12,1,137,2,15,1,1,0,0,1
12,1,138,2,5,1,1,0,0,1
12,1,139,2,14,1,1,0,0,1
12,1,140,3,3,2,2,0,0,1
12,1,141,2,13,1,1,0,0,1
12,1,142,4,8,2,2,0,0,1
12,1,143,2,3,1,1,0,0,1
12,1,144,1,6,4,4,0,0,1
12,1,145,4,2,3,3,0,0,1
12,1,146,2,9,2,2,0,0,1
12,1,147,1,5,1,1,0,0,1
12,1,148,1,3,2,2,0,0,1
12,1,149,4,2,2,2,0,0,1
12,1,150,1,10,4,4,0,0,1
12,1,151,2,14,4,4,0,0,1
12,1,152,1,3,4,4,0,0,1
12,1,153,3,10,4,4,0,0,1
12,1,154,3,4,3,3,0,0,1
12,1,155,1,15,2,2,0,0,1
12,1,156,4,12,4,4,2,0,1
12,1,157,4,14,3,3,2,0,1
12,1,158,3,13,4,4,3,1,1
12,1,159,4,3,2,2,4,1,1
12,1,160,2,13,2,2,2,1,1
13,1,1,1,5,4,4,0,0,1
13,1,2,1,8,4,4,0,0,1
13,1,3,2,5,4,4,0,0,1
13,1,4,4,11,3,3,0,0,1
13,1,5,4,8,1,1,0,0,1
13,1,6,2,6,2,2,0,0,1
13,1,7,1,2,2,2,0,0,1
13,1,8,2,10,2,2,0,0,1
13,1,9,1,9,2,2,0,0,1
13,1,10,4,12,2,2,0,0,1
13,1,11,1,2,2,2,0,0,1
13,1,12,4,1,3,3,0,0,1
13,1,13,4,14,3,3,0,0,1
13,1,14,3,5,3,3,0,0,1
13,1,15,1,4,2,2,0,0,1
13,1,16,3,12,4,4,0,0,1
13,1,17,4,13,3,3,0,0,1
13,1,18,1,1,2,2,0,0,1
13,1,19,4,13,1,1,0,0,1
13,1,20,1,3,2,2,0,0,1
13,1,21,1,15,4,4,0,0,1
13,1,22,3,14,3,3,0,0,1
13,1,23,3,12,4,4,0,0,1
13,1,24,2,15,4,4,0,0,1
13,1,25,4,9,2,2,0,0,1
13,1,26,3,11,4,4,0,0,1
13,1,27,2,6,1,1,0,0,1
13,1,28,3,11,2,2,0,0,1
13,1,29,3,2,4,4,0,0,1
13,1,30,3,7,3,3,0,0,1
13,1,31,2,6,1,1,0,0,1
13,1,32,1,8,4,4,0,0,1
13,1,33,2,4,4,4,0,0,1
13,1,34,3,5,4,4,0,0,1
13,1,35,3,7,1,1,0,0,1
13,1,36,1,9,2,2,0,0,1
13,1,37,1,4,4,4,0,0,1
13,1,38,2,9,1,1,0,0,1
13,1,39,4,13,3,3,0,0,1
13,1,40,2,6,1,1,0,0,1
13,1,41,1,4,1,1,0,0,1
13,1,42,4,3,2,2,0,0,1
13,1,43,3,7,4,4,0,0,1
13,1,44,2,1,1,1,0,0,1
13,1,45,3,7,2,2,0,0,1
13,1,46,2,12,2,2,0,0,1
13,1,47,2,12,2,2,0,0,1
13,1,48,3,5,2,2,0,0,1
13,1,49,3,15,3,3,0,0,1
13,1,50,3,12,4,4,0,0,1
13,1,51,3,3,4,4,0,0,1
13,1,52,3,9,3,3,0,0,1
13,1,53,4,13,2,2,0,0,1
13,1,54,2,3,1,1,0,0,1
13,1,55,1,10,4,4,0,0,1
13,1,56,1,4,1,1,0,0,1
13,1,57,1,9,4,4,0,0,1
13,1,58,4,1,3,3,0,0,1
13,1,59,4,2,1,1,0,0,1
13,1,60,2,8,2,2,0,0,1
13,1,61,1,2,4,4,0,0,1
13,1,62,2,10,3,3,0,0,1
13,1,63,2,3,1,1,0,0,1
13,1,64,3,13,3,3,0,0,1
13,1,65,3,5,2,2,0,0,1
13,1,66,2,8,3,3,0,0,1
13,1,67,3,9,4,4,0,0,1
13,1,68,1,7,1,1,0,0,1
13,1,69,3,4,1,1,0,0,1
13,1,70,1,11,2,2,0,0,1
13,1,71,2,14,4,4,0,0,1
13,1,72,4,6,3,3,0,0,1
13,1,73,2,2,2,2,0,0,1
13,1,74,4,4,2,2,0,0,1
13,1,75,4,12,4,4,0,0,1
13,1,76,2,15,4,4,0,0,1
13,1,77,3,6,3,3,0,0,1
13,1,78,3,15,4,4,0,0,1
13,1,79,1,9,4,4,0,0,1
13,1,80,3,2,1,1,0,0,1
13,1,81,1,10,3,4,0,0,0
13,1,82,3,13,4,4,0,0,1
13,1,83,3,2,4,4,0,0,1
13,1,84,4,12,2,2,0,0,1
13,1,85,2,8,2,2,0,0,1
13,1,86,1,7,2,2,0,0,1
13,1,87,2,2,3,3,0,0,1
13,1,88,4,4,2,2,0,0,1
13,1,89,4,6,1,1,0,0,1
13,1,90,2,14,4,4,0,0,1
13,1,91,3,15,3,3,0,0,1
13,1,92,1,9,2,2,0,0,1
13,1,93,4,2,4,4,0,0,1
13,1,94,2,7,2,2,0,0,1
13,1,95,4,13,1,1,0,0,1
13,1,96,2,7,2,2,0,0,1
13,1,97,1,3,1,1,0,0,1
13,1,98,1,12,2,2,0,0,1
13,1,99,4,3,4,4,0,0,1
13,1,100,3,13,4,4,0,0,1
13,1,101,3,12,3,3,0,0,1
13,1,102,1,6,3,3,0,0,1
13,1,103,2,4,4,4,0,0,1
13,1,104,4,14,4,4,0,0,1
13,1,105,2,13,1,1,0,0,1
13,1,106,3,5,1,1,0,0,1
13,1,107,1,11,4,4,0,0,1
13,1,108,4,9,2,2,0,0,1
13,1,109,4,9,2,2,0,0,1
13,1,110,2,3,1,1,0,0,1
13,1,111,4,3,3,3,0,0,1
13,1,112,1,2,1,1,0,0,1
13,1,113,3,3,3,3,0,0,1
13,1,114,3,4,1,1,0,0,1
13,1,115,1,9,3,3,0,0,1
13,1,116,3,12,3,3,0,0,1
13,1,117,4,3,4,4,0,0,1
13,1,118,1,5,4,4,0,0,1
13,1,119,3,4,1,1,0,0,1
13,1,120,4,4,1,1,0,0,1
13,1,121,1,11,4,4,0,0,1
13,1,122,2,6,1,1,0,0,1
13,1,123,1,10,3,3,0,0,1
13,1,124,4,9,2,2,0,0,1
13,1,125,2,3,3,3,0,0,1
13,1,126,2,13,1,1,0,0,1
13,1,127,2,7,1,1,0,0,1
13,1,128,3,4,1,1,0,0,1
13,1,129,2,14,3,3,0,0,1
13,1,130,3,4,4,4,0,0,1
13,1,131,2,5,1,1,0,0,1
13,1,132,4,6,2,2,0,0,1
13,1,133,4,8,3,3,0,0,1
13,1,134,3,12,1,1,0,0,1
13,1,135,1,14,3,3,0,0,1
13,1,136,1,11,1,1,0,0,1
13,1,137,4,3,2,2,0,0,1
13,1,138,4,13,1,1,0,0,1
13,1,139,3,2,1,1,0,0,1
13,1,140,2,15,4,4,0,0,1
13,1,141,4,15,2,2,0,0,1
13,1,142,3,13,1,1,0,0,1
13,1,143,1,15,2,2,0,0,1
13,1,144,3,7,4,4,0,0,1
13,1,145,1,2,4,4,0,0,1
13,1,146,4,5,1,1,0,0,1
13,1,147,2,6,1,1,0,0,1
13,1,148,4,9,4,4,0,0,1
13,1,149,1,15,4,4,0,0,1
13,1,150,2,2,4,4,0,0,1
13,1,151,1,11,1,1,0,0,1
13,1,152,4,1,2,2,0,0,1
13,1,153,2,9,2,2,0,0,1
13,1,154,1,1,4,4,0,0,1
13,1,155,2,13,4,4,0,0,1
13,1,156,1,11,1,1,2,0,1
13,1,157,4,11,4,4,4,1,1
13,1,158,2,6,4,4,2,1,1
13,1,159,4,5,2,2,4,1,1
13,1,160,4,2,3,3,4,1,1
14,1,1,2,15,2,2,0,0,1
14,1,2,3,9,1,1,0,0,1
14,1,3,4,7,4,4,0,0,1
14,1,4,3,15,1,1,0,0,1
14,1,5,2,7,2,2,0,0,1
14,1,6,3,9,3,3,0,0,1
14,1,7,4,13,2,2,0,0,1
14,1,8,2,2,2,2,0,0,1
14,1,9,3,12,3,3,0,0,1
14,1,10,4,3,4,4,0,0,1
14,1,11,1,8,3,3,0,0,1
14,1,12,3,8,2,2,0,0,1
14,1,13,1,8,2,2,0,0,1
14,1,14,4,9,2,2,0,0,1
14,1,15,2,5,4,4,0,0,1
14,1,16,4,7,4,4,0,0,1
14,1,17,3,9,2,2,0,0,1
14,1,18,3,1,4,4,0,0,1
14,1,19,1,12,2,2,0,0,1
14,1,20,4,14,1,1,0,0,1
14,1,21,4,4,2,2,0,0,1
14,1,22,1,12,3,3,0,0,1
14,1,23,2,10,3,3,0,0,1
14,1,24,1,12,4,4,0,0,1
14,1,25,3,10,4,4,0,0,1
14,1,26,2,3,4,4,0,0,1
14,1,27,4,13,3,3,0,0,1
14,1,28,2,6,4,4,0,0,1
14,1,29,3,2,3,3,0,0,1
14,1,30,2,15,2,2,0,0,1
14,1,31,3,6,2,2,0,0,1
14,1,32,3,5,4,4,0,0,1
14,1,33,2,6,1,1,0,0,1
14,1,34,2,15,1,1,0,0,1
14,1,35,1,13,3,3,0,0,1
14,1,36,2,13,1,1,0,0,1
14,1,37,1,2,3,3,0,0,1
14,1,38,2,11,4,4,0,0,1
14,1,39,3,5,4,4,0,0,1
14,1,40,1,14,2,2,0,0,1
14,1,41,1,5,2,2,0,0,1
14,1,42,3,13,2,2,0,0,1
14,1,43,4,14,1,1,0,0,1
14,1,44,2,10,3,3,0,0,1
14,1,45,3,8,3,3,0,0,1
14,1,46,4,15,2,2,0,0,1
14,1,47,4,4,1,1,0,0,1
14,1,48,2,9,3,3,0,0,1
14,1,49,3,4,2,2,0,0,1
14,1,50,1,3,4,4,0,0,1
14,1,51,2,9,2,2,0,0,1
14,1,52,1,5,4,4,0,0,1
14,1,53,2,9,2,2,0,0,1
14,1,54,3,2,1,1,0,0,1
14,1,55,3,2,4,4,0,0,1
14,1,56,4,14,2,2,0,0,1
14,1,57,1,7,2,2,0,0,1
14,1,58,2,15,4,4,0,0,1
14,1,59,2,3,3,3,0,0,1
14,1,60,1,10,1,1,0,0,1
14,1,61,1,4,1,1,0,0,1
14,1,62,2,10,3,3,0,0,1
14,1,63,3,1,3,3,0,0,1
14,1,64,1,5,1,1,0,0,1
14,1,65,1,9,3,3,0,0,1
14,1,66,1,6,3,3,0,0,1
14,1,67,2,1,3,3,0,0,1
14,1,68,2,11,1,1,0,0,1
14,1,69,3,13,1,1,0,0,1
14,1,70,4,8,3,3,0,0,1
14,1,71,2,14,1,1,0,0,1
14,1,72,4,7,1,1,0,0,1
14,1,73,4,15,1,1,0,0,1
14,1,74,3,11,1,1,0,0,1
14,1,75,2,7,1,1,0,0,1
14,1,76,4,5,2,2,0,0,1
14,1,77,2,13,4,4,0,0,1
14,1,78,3,11,4,4,0,0,1
14,1,79,4,11,3,3,0,0,1
14,1,80,1,8,4,4,0,0,1
14,1,81,3,9,3,3,0,0,1
14,1,82,1,3,4,4,0,0,1
14,1,83,4,1,4,4,0,0,1
14,1,84,4,12,2,2,0,0,1
14,1,85,2,6,2,2,0,0,1
14,1,86,2,3,3,3,0,0,1
14,1,87,2,5,4,4,0,0,1
14,1,88,3,8,2,2,0,0,1
14,1,89,1,10,1,1,0,0,1
14,1,90,3,6,2,2,0,0,1
14,1,91,3,10,3,3,0,0,1
14,1,92,1,2,4,4,0,0,1
14,1,93,3,5,1,1,0,0,1
14,1,94,3,7,1,1,0,0,1
14,1,95,1,14,1,1,0,0,1
14,1,96,3,13,4,4,0,0,1
14,1,97,2,13,2,2,0,0,1
14,1,98,3,8,3,3,0,0,1
14,1,99,3,2,4,4,0,0,1
14,1,100,3,3,3,3,0,0,1
14,1,101,1,8,3,3,0,0,1
14,1,102,2,9,3,3,0,0,1
14,1,103,1,10,1,1,0,0,1
14,1,104,4,12,3,3,0,0,1
14,1,105,1,15,2,2,0,0,1
14,1,106,4,2,4,4,0,0,1
14,1,107,4,5,4,4,0,0,1
14,1,108,1,5,3,3,0,0,1
14,1,109,4,6,3,3,0,0,1
14,1,110,4,1,4,4,0,0,1
14,1,111,3,11,3,3,0,0,1
14,1,112,2,1,4,4,0,0,1
14,1,113,4,9,4,4,0,0,1
14,1,114,3,14,4,4,0,0,1
14,1,115,3,13,1,1,0,0,1
14,1,116,1,13,1,1,0,0,1
14,1,117,4,8,1,1,0,0,1
14,1,118,2,13,4,4,0,0,1
14,1,119,3,2,2,2,0,0,1
14,1,120,1,6,3,3,0,0,1
14,1,121,2,5,1,1,0,0,1
14,1,122,4,15,4,4,0,0,1
14,1,123,2,2,1,1,0,0,1
14,1,124,1,12,1,1,0,0,1
14,1,125,4,6,2,2,0,0,1
14,1,126,4,9,4,4,0,0,1
14,1,127,1,11,1,1,0,0,1
14,1,128,1,8,1,1,0,0,1
14,1,129,3,12,3,3,0,0,1
14,1,130,4,4,3,3,0,0,1
14,1,131,4,9,2,2,0,0,1
14,1,132,2,4,3,3,0,0,1
14,1,133,4,6,2,2,0,0,1
14,1,134,4,12,4,4,0,0,1
14,1,135,4,5,3,3,0,0,1
14,1,136,3,7,3,3,0,0,1
14,1,137,1,11,2,2,0,0,1
14,1,138,1,11,4,4,0,0,1
14,1,139,4,9,3,3,0,0,1
14,1,140,2,9,3,3,0,0,1
14,1,141,3,15,1,1,0,0,1
14,1,142,1,14,2,2,0,0,1
14,1,143,2,7,4,4,0,0,1
14,1,144,4,2,1,1,0,0,1
14,1,145,1,3,3,3,0,0,1
14,1,146,4,15,1,1,0,0,1
14,1,147,1,7,3,3,0,0,1
14,1,148,1,2,2,2,0,0,1
14,1,149,3,12,4,4,0,0,1
14,1,150,4,1,4,4,0,0,1
14,1,151,1,12,2,2,0,0,1
14,1,152,4,1,4,4,0,0,1
14,1,153,1,4,4,4,0,0,1
14,1,154,2,10,4,4,0,0,1
14,1,155,4,10,3,3,0,0,1
14,1,156,2,11,1,1,2,1,1
14,1,157,2,1,3,3,2,1,1
14,1,158,2,1,1,1,2,1,1
14,1,159,1,14,3,3,1,1,1
14,1,160,3,14,1,1,3,1,1
15,1,1,1,2,4,4,0,0,1
15,1,2,4,15,3,3,0,0,1
15,1,3,2,2,1,1,0,0,1
15,1,4,3,9,2,2,0,0,1
15,1,5,2,8,3,3,0,0,1
15,1,6,2,15,1,1,0,0,1
15,1,7,1,4,4,4,0,0,1
15,1,8,2,7,2,2,0,0,1
15,1,9,4,7,2,2,0,0,1
15,1,10,4,3,3,3,0,0,1
15,1,11,1,14,3,3,0,0,1
15,1,12,4,12,2,2,0,0,1
15,1,13,3,10,3,3,0,0,1
15,1,14,3,13,4,4,0,0,1
15,1,15,1,15,4,4,0,0,1
15,1,16,2,15,1,1,0,0,1
15,1,17,3,11,4,4,0,0,1
15,1,18,1,14,4,4,0,0,1
15,1,19,2,7,4,4,0,0,1
15,1,20,3,11,4,4,0,0,1
15,1,21,3,11,4,4,0,0,1
15,1,22,4,1,1,1,0,0,1
15,1,23,3,11,2,2,0,0,1
15,1,24,3,15,1,1,0,0,1
15,1,25,3,15,4,4,0,0,1
15,1,26,2,9,2,2,0,0,1
15,1,27,3,11,4,4,0,0,1
15,1,28,1,6,1,1,0,0,1
15,1,29,4,11,2,2,0,0,1
15,1,30,4,2,4,4,0,0,1
15,1,31,3,7,3,3,0,0,1
15,1,32,3,6,1,1,0,0,1
15,1,33,3,8,4,4,0,0,1
15,1,34,4,4,4,4,0,0,1
15,1,35,3,5,4,4,0,0,1
15,1,36,4,7,1,1,0,0,1
15,1,37,2,9,2,2,0,0,1
15,1,38,1,4,4,4,0,0,1
15,1,39,4,9,1,1,0,0,1
15,1,40,1,13,3,3,0,0,1
15,1,41,3,6,1,1,0,0,1
15,1,42,1,4,1,1,0,0,1
15,1,43,3,3,2,2,0,0,1
15,1,44,1,7,4,4,0,0,1
15,1,45,4,1,1,1,0,0,1
15,1,46,2,7,2,2,0,0,1
15,1,47,2,12,2,2,0,0,1
15,1,48,4,12,2,2,0,0,1
15,1,49,2,5,2,2,0,0,1
15,1,50,4,15,3,3,0,0,1
15,1,51,3,12,4,4,0,0,1
15,1,52,1,3,4,4,0,0,1
15,1,53,3,9,3,3,0,0,1
15,1,54,4,13,2,2,0,0,1
15,1,55,1,3,1,1,0,0,1
15,1,56,1,10,4,4,0,0,1
15,1,57,3,4,1,1,0,0,1
15,1,58,2,9,4,4,0,0,1
15,1,59,4,1,3,3,0,0,1
15,1,60,4,2,1,1,0,0,1
15,1,61,1,8,2,2,0,0,1
15,1,62,2,2,4,4,0,0,1
15,1,63,1,10,3,3,0,0,1
15,1,64,1,3,1,1,0,0,1
15,1,65,2,13,3,3,0,0,1
15,1,66,2,5,2,2,0,0,1
15,1,67,4,8,3,3,0,0,1
15,1,68,2,9,4,4,0,0,1
15,1,69,2,7,1,1,0,0,1
15,1,70,3,4,1,1,0,0,1
15,1,71,3,11,2,2,0,0,1
15,1,72,1,14,4,4,0,0,1
15,1,73,4,6,3,3,0,0,1
15,1,74,2,2,2,2,0,0,1
15,1,75,2,4,2,2,0,0,1
15,1,76,1,12,4,4,0,0,1
15,1,77,2,15,4,4,0,0,1
15,1,78,4,6,3,3,0,0,1
15,1,79,2,15,4,4,0,0,1
15,1,80,3,9,4,4,0,0,1
15,1,81,1,2,1,1,0,0,1
15,1,82,2,10,3,3,0,0,1
15,1,83,3,13,4,4,0,0,1
15,1,84,4,2,4,4,0,0,1
15,1,85,4,12,2,2,0,0,1
15,1,86,1,8,2,2,0,0,1
15,1,87,1,7,2,2,0,0,1
15,1,88,4,2,3,3,0,0,1
15,1,89,3,4,2,2,0,0,1
15,1,90,1,6,1,1,0,0,1
15,1,91,3,14,4,4,0,0,1
15,1,92,2,15,3,3,0,0,1
15,1,93,1,9,2,2,0,0,1
15,1,94,4,2,4,4,0,0,1
15,1,95,2,7,2,2,0,0,1
15,1,96,2,13,1,1,0,0,1
15,1,97,2,7,2,2,0,0,1
15,1,98,3,3,1,1,0,0,1
15,1,99,1,12,2,2,0,0,1
15,1,100,2,3,4,4,0,0,1
15,1,101,1,13,4,4,0,0,1
15,1,102,2,12,3,3,0,0,1
15,1,103,3,6,3,3,0,0,1
15,1,104,4,4,4,4,0,0,1
15,1,105,1,14,4,4,0,0,1
15,1,106,2,13,1,1,0,0,1
15,1,107,4,5,1,1,0,0,1
15,1,108,1,11,4,4,0,0,1
15,1,109,1,9,2,2,0,0,1
15,1,110,2,9,2,2,0,0,1
15,1,111,1,3,1,1,0,0,1
15,1,112,3,3,3,3,0,0,1
15,1,113,1,2,1,1,0,0,1
15,1,114,2,3,3,3,0,0,1
15,1,115,2,4,1,1,0,0,1
15,1,116,3,9,3,3,0,0,1
15,1,117,4,12,3,3,0,0,1
15,1,118,4,3,4,4,0,0,1
15,1,119,1,5,4,4,0,0,1
15,1,120,3,4,1,1,0,0,1
15,1,121,1,4,1,1,0,0,1
15,1,122,2,11,4,4,0,0,1
15,1,123,4,6,1,1,0,0,1
15,1,124,3,10,3,3,0,0,1
15,1,125,4,9,2,2,0,0,1
15,1,126,3,3,3,3,0,0,1
15,1,127,3,13,1,1,0,0,1
15,1,128,4,7,1,1,0,0,1
15,1,129,4,4,1,1,0,0,1
15,1,130,4,14,3,3,0,0,1
15,1,131,1,4,4,4,0,0,1
15,1,132,2,5,1,1,0,0,1
15,1,133,3,6,2,2,0,0,1
15,1,134,1,8,3,3,0,0,1
15,1,135,1,12,1,1,0,0,1
15,1,136,3,14,3,3,0,0,1
15,1,137,1,11,1,1,0,0,1
15,1,138,4,3,2,2,0,0,1
15,1,139,4,13,1,1,0,0,1
15,1,140,1,2,1,1,0,0,1
15,1,141,2,15,4,4,0,0,1
15,1,142,1,15,2,2,0,0,1
15,1,143,4,13,1,1,0,0,1
15,1,144,4,15,2,2,0,0,1
15,1,145,3,7,4,4,0,0,1
15,1,146,2,2,4,4,0,0,1
15,1,147,1,5,1,1,0,0,1
15,1,148,4,6,1,1,0,0,1
15,1,149,2,9,4,4,0,0,1
15,1,150,3,15,4,4,0,0,1
15,1,151,2,2,4,4,0,0,1
15,1,152,2,11,1,1,0,0,1
15,1,153,4,1,2,2,0,0,1
15,1,154,3,9,2,2,0,0,1
15,1,155,3,1,4,4,0,0,1
15,1,156,4,13,4,4,4,1,1
15,1,157,3,11,1,1,3,1,1
15,1,158,1,11,4,4,1,1,1
15,1,159,2,6,4,4,2,1,1
15,1,160,4,5,2,2,4,1,1
16,1,1,3,2,3,3,0,0,1
16,1,2,3,1,4,4,0,0,1
16,1,3,3,5,4,4,0,0,1
16,1,4,1,12,2,2,0,0,1
16,1,5,3,15,3,3,0,0,1
16,1,6,3,8,1,1,0,0,1
16,1,7,3,8,3,3,0,0,1
16,1,8,3,11,4,4,0,0,1
16,1,9,1,14,3,3,0,0,1
16,1,10,1,7,1,1,0,0,1
16,1,11,2,9,3,3,0,0,1
16,1,12,2,11,3,3,0,0,1
16,1,13,2,1,3,3,0,0,1
16,1,14,2,12,4,4,0,0,1
16,1,15,1,14,4,4,0,0,1
16,1,16,3,10,3,3,0,0,1
16,1,17,4,4,1,1,0,0,1
16,1,18,1,7,4,4,0,0,1
16,1,19,2,6,2,2,0,0,1
16,1,20,2,14,2,2,0,0,1
16,1,21,3,3,4,4,0,0,1
16,1,22,3,8,2,2,0,0,1
16,1,23,4,15,3,3,0,0,1
16,1,24,2,12,3,3,0,0,1
16,1,25,3,5,3,3,0,0,1
16,1,26,1,4,4,4,0,0,1
16,1,27,1,9,3,3,0,0,1
16,1,28,2,13,1,1,0,0,1
16,1,29,2,2,1,1,0,0,1
16,1,30,4,3,4,4,0,0,1
16,1,31,1,13,3,3,0,0,1
16,1,32,1,11,3,3,0,0,1
16,1,33,1,10,2,2,0,0,1
16,1,34,2,2,3,3,0,0,1
16,1,35,3,13,2,2,0,0,1
16,1,36,3,8,4,4,0,0,1
16,1,37,1,6,1,1,0,0,1
16,1,38,1,2,4,4,0,0,1
16,1,39,4,4,3,3,0,0,1
16,1,40,3,11,1,1,0,0,1
16,1,41,2,13,3,3,0,0,1
16,1,42,1,12,1,1,0,0,1
16,1,43,1,15,4,4,0,0,1
16,1,44,1,7,2,2,0,0,1
16,1,45,2,14,2,2,0,0,1
16,1,46,4,5,1,1,0,0,1
16,1,47,2,12,4,4,0,0,1
16,1,48,2,4,2,2,0,0,1
16,1,49,2,7,4,4,0,0,1
16,1,50,4,8,3,3,0,0,1
16,1,51,3,12,2,2,0,0,1
16,1,52,1,2,2,2,0,0,1
16,1,53,2,15,4,4,0,0,1
16,1,54,2,7,1,1,0,0,1
16,1,55,2,9,3,3,0,0,1
16,1,56,3,12,3,3,0,0,1
16,1,57,4,3,3,3,0,0,1
16,1,58,1,8,3,3,0,0,1
16,1,59,3,7,1,1,0,0,1
16,1,60,3,15,3,3,0,0,1
16,1,61,2,1,2,2,0,0,1
16,1,62,3,14,4,4,0,0,1
16,1,63,1,1,2,2,0,0,1
16,1,64,2,2,1,1,0,0,1
16,1,65,4,5,1,1,0,0,1
16,1,66,4,8,2,2,0,0,1
16,1,67,1,4,4,4,0,0,1
16,1,68,3,14,4,4,0,0,1
16,1,69,2,9,3,3,0,0,1
16,1,70,3,9,1,1,0,0,1
16,1,71,1,2,4,4,0,0,1
16,1,72,2,8,4,4,0,0,1
16,1,73,3,4,4,4,0,0,1
16,1,74,4,14,2,2,0,0,1
16,1,75,3,2,4,4,0,0,1
16,1,76,2,2,4,4,0,0,1
16,1,77,3,11,2,2,0,0,1
16,1,78,4,15,3,3,0,0,1
16,1,79,4,9,3,3,0,0,1
16,1,80,3,2,1,1,0,0,1
16,1,81,1,9,4,4,0,0,1
16,1,82,1,10,3,3,0,0,1
16,1,83,1,2,1,1,0,0,1
16,1,84,3,2,3,3,0,0,1
16,1,85,2,10,2,2,0,0,1
16,1,86,4,14,4,4,0,0,1
16,1,87,4,11,2,2,0,0,1
16,1,88,3,10,2,2,0,0,1
16,1,89,3,12,1,1,0,0,1
16,1,90,4,7,3,3,0,0,1
16,1,91,1,8,2,2,0,0,1
16,1,92,2,10,1,1,0,0,1
16,1,93,1,4,3,3,0,0,1
16,1,94,3,15,4,4,0,0,1
16,1,95,2,3,1,1,0,0,1
16,1,96,1,5,1,1,0,0,1
16,1,97,4,10,2,2,0,0,1
16,1,98,3,9,2,2,0,0,1
16,1,99,2,3,4,4,0,0,1
16,1,100,4,7,4,4,0,0,1
16,1,101,1,7,1,1,0,0,1
16,1,102,1,7,1,1,0,0,1
16,1,103,4,5,3,3,0,0,1
16,1,104,4,9,2,2,0,0,1
16,1,105,4,14,2,2,0,0,1
16,1,106,4,5,4,4,0,0,1
16,1,107,2,12,4,4,0,0,1
16,1,108,1,8,3,3,0,0,1
16,1,109,1,10,4,4,0,0,1
16,1,110,3,14,2,2,0,0,1
16,1,111,2,7,1,1,0,0,1
16,1,112,1,4,3,3,0,0,1
16,1,113,1,9,2,2,0,0,1
16,1,114,4,7,1,1,0,0,1
16,1,115,1,2,3,3,0,0,1
16,1,116,2,6,4,4,0,0,1
16,1,117,4,11,3,3,0,0,1
16,1,118,1,4,4,4,0,0,1
16,1,119,4,1,1,1,0,0,1
16,1,120,2,5,4,4,0,0,1
16,1,121,1,15,2,2,0,0,1
16,1,122,3,10,2,2,0,0,1
16,1,123,1,8,1,1,0,0,1
16,1,124,4,7,1,1,0,0,1
16,1,125,4,14,4,4,0,0,1
16,1,126,2,5,1,1,0,0,1
16,1,127,4,15,4,4,0,0,1
16,1,128,4,9,2,2,0,0,1
16,1,129,4,3,4,4,0,0,1
16,1,130,2,5,1,1,0,0,1
16,1,131,4,12,1,1,0,0,1
16,1,132,4,6,4,4,0,0,1
16,1,133,2,13,3,3,0,0,1
16,1,134,2,9,4,4,0,0,1
16,1,135,3,4,4,4,0,0,1
16,1,136,4,13,2,2,0,0,1
16,1,137,2,6,3,3,0,0,1
16,1,138,2,14,3,3,0,0,1
16,1,139,3,9,1,1,0,0,1
16,1,140,3,11,1,1,0,0,1
16,1,141,3,3,2,2,0,0,1
16,1,142,3,2,1,1,0,0,1
16,1,143,3,13,1,1,0,0,1
16,1,144,2,4,2,2,0,0,1
16,1,145,4,12,4,4,0,0,1
16,1,146,4,10,4,4,0,0,1
16,1,147,3,11,4,4,0,0,1
16,1,148,4,4,3,3,0,0,1
16,1,149,1,4,3,3,0,0,1
16,1,150,2,1,4,4,0,0,1
16,1,151,4,4,3,3,0,0,1
16,1,152,1,2,4,4,0,0,1
16,1,153,1,11,2,2,0,0,1
16,1,154,4,8,1,1,0,0,1
16,1,155,3,9,3,3,0,0,1
16,1,156,4,10,1,1,2,0,1
16,1,157,4,3,3,3,4,1,1
16,1,158,2,3,4,4,2,1,1
16,1,159,4,1,4,4,4,1,1
16,1,160,1,11,3,3,1,1,1
17,1,1,1,12,4,4,0,0,1
17,1,2,4,1,3,4,0,0,0
17,1,3,1,12,2,2,0,0,1
17,1,4,4,11,3,3,0,0,1
17,1,5,3,10,2,2,0,0,1
17,1,6,1,12,3,3,0,0,1
17,1,7,2,15,4,4,0,0,1
17,1,8,3,4,1,1,0,0,1
17,1,9,2,3,2,2,0,0,1
17,1,10,3,2,2,2,0,0,1
17,1,11,3,10,4,4,0,0,1
17,1,12,3,14,4,4,0,0,1
17,1,13,4,3,4,4,0,0,1
17,1,14,4,10,4,4,0,0,1
17,1,15,1,4,3,3,0,0,1
17,1,16,4,15,2,2,0,0,1
17,1,17,2,12,4,4,0,0,1
17,1,18,2,14,3,3,0,0,1
17,1,19,4,13,4,4,0,0,1
17,1,20,2,3,2,2,0,0,1
17,1,21,1,13,2,2,0,0,1
17,1,22,1,15,4,4,0,0,1
17,1,23,3,4,4,4,0,0,1
17,1,24,2,1,1,1,0,0,1
17,1,25,3,2,4,4,0,0,1
17,1,26,2,4,2,2,0,0,1
17,1,27,3,15,4,4,0,0,1
17,1,28,3,3,2,2,0,0,1
17,1,29,1,8,2,2,0,0,1
17,1,30,4,9,3,3,0,0,1
17,1,31,3,13,2,2,0,0,1
17,1,32,1,3,4,4,0,0,1
17,1,33,4,7,4,4,0,0,1
17,1,34,4,15,4,4,0,0,1
17,1,35,1,14,1,1,0,0,1
17,1,36,3,6,4,4,0,0,1
17,1,37,1,4,3,3,0,0,1
17,1,38,2,9,3,3,0,0,1
17,1,39,1,10,2,2,0,0,1
17,1,40,2,14,4,4,0,0,1
17,1,41,3,11,1,1,0,0,1
17,1,42,1,5,3,3,0,0,1
17,1,43,2,10,1,1,0,0,1
17,1,44,2,1,3,3,0,0,1
17,1,45,2,4,1,1,0,0,1
17,1,46,1,4,3,3,0,0,1
17,1,47,2,4,4,4,0,0,1
17,1,48,1,8,4,4,0,0,1
17,1,49,4,6,4,4,0,0,1
17,1,50,4,6,2,2,0,0,1
17,1,51,1,3,2,2,0,0,1
17,1,52,3,5,2,2,0,0,1
17,1,53,3,4,2,2,0,0,1
17,1,54,1,8,1,1,0,0,1
17,1,55,4,10,1,1,0,0,1
17,1,56,3,13,2,2,0,0,1
17,1,57,1,13,4,4,0,0,1
17,1,58,1,7,4,4,0,0,1
17,1,59,2,12,3,3,0,0,1
17,1,60,1,4,4,4,0,0,1
17,1,61,1,8,3,3,0,0,1
17,1,62,3,4,3,3,0,0,1
17,1,63,1,7,1,1,0,0,1
17,1,64,4,8,2,2,0,0,1
17,1,65,3,5,3,3,0,0,1
17,1,66,2,2,3,3,0,0,1
17,1,67,4,1,4,4,0,0,1
17,1,68,3,5,4,4,0,0,1
17,1,69,3,12,2,2,0,0,1
17,1,70,4,15,3,3,0,0,1
17,1,71,1,8,1,1,0,0,1
17,1,72,4,8,3,3,0,0,1
17,1,73,3,11,4,4,0,0,1
17,1,74,2,14,3,3,0,0,1
17,1,75,2,7,1,1,0,0,1
17,1,76,4,9,3,3,0,0,1
17,1,77,1,11,3,3,0,0,1
17,1,78,2,1,3,3,0,0,1
17,1,79,1,12,4,4,0,0,1
17,1,80,4,14,4,4,0,0,1
17,1,81,2,10,3,3,0,0,1
17,1,82,3,4,1,1,0,0,1
17,1,83,2,7,4,4,0,0,1
17,1,84,1,6,2,2,0,0,1
17,1,85,2,14,2,2,0,0,1
17,1,86,4,3,4,4,0,0,1
17,1,87,1,8,2,2,0,0,1
17,1,88,2,15,3,3,0,0,1
17,1,89,4,12,3,3,0,0,1
17,1,90,3,5,3,3,0,0,1
17,1,91,4,4,4,4,0,0,1
17,1,92,3,9,3,3,0,0,1
17,1,93,2,13,1,1,0,0,1
17,1,94,1,2,1,1,0,0,1
17,1,95,2,3,4,4,0,0,1
17,1,96,3,13,3,3,0,0,1
17,1,97,3,11,3,3,0,0,1
17,1,98,2,10,2,2,0,0,1
17,1,99,4,2,3,3,0,0,1
17,1,100,1,13,2,2,0,0,1
17,1,101,2,8,4,4,0,0,1
17,1,102,1,6,1,1,0,0,1
17,1,103,4,2,4,4,0,0,1
17,1,104,4,4,3,3,0,0,1
17,1,105,3,11,1,1,0,0,1
17,1,106,2,13,3,3,0,0,1
17,1,107,4,12,1,1,0,0,1
17,1,108,3,15,4,4,0,0,1
17,1,109,2,7,2,2,0,0,1
17,1,110,3,14,2,2,0,0,1
17,1,111,4,5,1,1,0,0,1
17,1,112,3,12,4,4,0,0,1
17,1,113,4,4,2,2,0,0,1
17,1,114,4,7,4,4,0,0,1
17,1,115,2,8,3,3,0,0,1
17,1,116,4,12,2,2,0,0,1
17,1,117,4,2,2,2,0,0,1
17,1,118,4,15,4,4,0,0,1
17,1,119,4,7,1,1,0,0,1
17,1,120,4,9,3,3,0,0,1
17,1,121,2,12,3,3,0,0,1
17,1,122,1,3,3,3,0,0,1
17,1,123,2,8,3,3,0,0,1
17,1,124,4,7,1,1,0,0,1
17,1,125,4,15,3,3,0,0,1
17,1,126,3,1,2,2,0,0,1
17,1,127,1,14,4,4,0,0,1
17,1,128,3,1,2,2,0,0,1
17,1,129,1,2,1,1,0,0,1
17,1,130,2,5,1,1,0,0,1
17,1,131,3,8,2,2,0,0,1
17,1,132,3,4,4,4,0,0,1
17,1,133,3,14,4,4,0,0,1
17,1,134,3,9,3,3,0,0,1
17,1,135,1,9,1,1,0,0,1
17,1,136,2,2,4,4,0,0,1
17,1,137,3,8,4,4,0,0,1
17,1,138,1,4,4,4,0,0,1
17,1,139,2,14,2,2,0,0,1
17,1,140,2,2,4,4,0,0,1
17,1,141,1,2,4,4,0,0,1
17,1,142,1,11,2,2,0,0,1
17,1,143,2,15,3,3,0,0,1
17,1,144,1,9,3,3,0,0,1
17,1,145,2,2,1,1,0,0,1
17,1,146,2,9,4,4,0,0,1
17,1,147,1,10,3,3,0,0,1
17,1,148,4,2,1,1,0,0,1
17,1,149,3,2,3,3,0,0,1
17,1,150,1,10,2,2,0,0,1
17,1,151,4,14,4,4,0,0,1
17,1,152,4,11,2,2,0,0,1
17,1,153,2,10,2,2,0,0,1
17,1,154,3,12,1,1,0,0,1
17,1,155,1,7,3,3,0,0,1
17,1,156,2,8,2,2,1,0,1
17,1,157,3,10,1,1,3,1,1
17,1,158,4,4,3,3,4,1,1
17,1,159,3,15,4,4,3,1,1
17,1,160,4,3,1,1,4,1,1
19,1,1,3,12,3,3,0,0,1
19,1,2,1,3,3,3,0,0,1
19,1,3,4,13,1,1,0,0,1
19,1,4,3,4,3,3,0,0,1
19,1,5,4,10,1,1,0,0,1
19,1,6,1,5,3,3,0,0,1
19,1,7,4,12,2,2,0,0,1
19,1,8,1,13,2,2,0,0,1
19,1,9,2,3,4,4,0,0,1
19,1,10,4,10,3,3,0,0,1
19,1,11,3,8,2,2,0,0,1
19,1,12,2,9,2,2,0,0,1
19,1,13,3,15,2,2,0,0,1
19,1,14,1,15,3,3,0,0,1
19,1,15,3,10,3,3,0,0,1
19,1,16,3,8,4,4,0,0,1
19,1,17,1,6,1,1,0,0,1
19,1,18,1,8,1,1,0,0,1
19,1,19,3,13,1,1,0,0,1
19,1,20,3,12,4,4,0,0,1
19,1,21,1,4,2,2,0,0,1
19,1,22,3,5,3,3,0,0,1
19,1,23,3,7,3,3,0,0,1
19,1,24,3,7,4,4,0,0,1
19,1,25,3,1,1,1,0,0,1
19,1,26,3,15,1,1,0,0,1
19,1,27,3,1,2,2,0,0,1
19,1,28,2,4,3,3,0,0,1
19,1,29,3,7,1,1,0,0,1
19,1,30,2,2,3,3,0,0,1
19,1,31,3,8,4,4,0,0,1
19,1,32,3,13,1,1,0,0,1
19,1,33,2,10,2,2,0,0,1
19,1,34,4,11,2,2,0,0,1
19,1,35,3,12,1,1,0,0,1
19,1,36,2,15,1,1,0,0,1
19,1,37,1,14,1,1,0,0,1
19,1,38,1,6,4,4,0,0,1
19,1,39,4,4,4,4,0,0,1
19,1,40,2,13,2,2,0,0,1
19,1,41,4,12,3,2,0,0,0
19,1,42,2,4,2,2,0,0,1
19,1,43,2,2,3,3,0,0,1
19,1,44,3,8,3,3,0,0,1
19,1,45,2,14,1,1,0,0,1
19,1,46,3,2,2,2,0,0,1
19,1,47,2,6,4,4,0,0,1
19,1,48,1,9,4,4,0,0,1
19,1,49,1,15,3,3,0,0,1
19,1,50,1,8,1,1,0,0,1
19,1,51,3,8,3,3,0,0,1
19,1,52,1,11,4,4,0,0,1
19,1,53,3,14,3,3,0,0,1
19,1,54,1,7,1,1,0,0,1
19,1,55,3,9,3,3,0,0,1
19,1,56,2,11,3,3,0,0,1
19,1,57,4,1,3,3,0,0,1
19,1,58,1,12,4,4,0,0,1
19,1,59,2,14,4,4,0,0,1
19,1,60,4,10,3,3,0,0,1
19,1,61,1,4,1,1,0,0,1
19,1,62,3,7,4,4,0,0,1
19,1,63,2,6,2,2,0,0,1
19,1,64,1,14,2,2,0,0,1
19,1,65,4,3,4,4,0,0,1
19,1,66,1,8,2,2,0,0,1
19,1,67,2,15,3,3,0,0,1
19,1,68,2,12,3,3,0,0,1
19,1,69,4,5,3,3,0,0,1
19,1,70,2,4,4,4,0,0,1
19,1,71,4,9,3,3,0,0,1
19,1,72,2,13,1,1,0,0,1
19,1,73,4,2,1,1,0,0,1
19,1,74,4,3,4,4,0,0,1
19,1,75,3,13,3,3,0,0,1
19,1,76,2,11,3,3,0,0,1
19,1,77,1,10,2,2,0,0,1
19,1,78,3,2,3,3,0,0,1
19,1,79,2,13,2,2,0,0,1
19,1,80,3,8,4,4,0,0,1
19,1,81,4,6,1,1,0,0,1
19,1,82,3,2,4,4,0,0,1
19,1,83,4,4,3,3,0,0,1
19,1,84,1,11,1,1,0,0,1
19,1,85,4,13,3,3,0,0,1
19,1,86,1,12,1,1,0,0,1
19,1,87,3,15,4,4,0,0,1
19,1,88,4,7,2,2,0,0,1
19,1,89,4,14,2,2,0,0,1
19,1,90,4,5,1,1,0,0,1
19,1,91,1,12,4,4,0,0,1
19,1,92,2,4,2,2,0,0,1
19,1,93,4,7,4,4,0,0,1
19,1,94,2,8,3,3,0,0,1
19,1,95,3,12,2,2,0,0,1
19,1,96,4,2,2,2,0,0,1
19,1,97,1,15,4,4,0,0,1
19,1,98,1,7,1,1,0,0,1
19,1,99,1,9,3,3,0,0,1
19,1,100,2,12,3,3,0,0,1
19,1,101,4,3,3,3,0,0,1
19,1,102,3,8,3,3,0,0,1
19,1,103,2,7,1,1,0,0,1
19,1,104,4,15,3,3,0,0,1
19,1,105,4,1,2,2,0,0,1
19,1,106,2,14,4,4,0,0,1
19,1,107,2,1,2,2,0,0,1
19,1,108,3,2,1,1,0,0,1
19,1,109,4,5,1,1,0,0,1
19,1,110,1,8,2,2,0,0,1
19,1,111,2,4,4,4,0,0,1
19,1,112,2,14,4,4,0,0,1
19,1,113,3,9,3,3,0,0,1
19,1,114,3,9,1,1,0,0,1
19,1,115,2,2,4,4,0,0,1
19,1,116,4,8,4,4,0,0,1
19,1,117,2,4,4,4,0,0,1
19,1,118,2,14,2,2,0,0,1
19,1,119,3,2,4,4,0,0,1
19,1,120,2,2,4,4,0,0,1
19,1,121,4,11,2,2,0,0,1
19,1,122,2,15,3,3,0,0,1
19,1,123,3,9,3,3,0,0,1
19,1,124,4,2,1,1,0,0,1
19,1,125,4,9,4,4,0,0,1
19,1,126,2,10,3,3,0,0,1
19,1,127,2,2,1,1,0,0,1
19,1,128,1,2,3,3,0,0,1
19,1,129,4,10,2,2,0,0,1
19,1,130,1,14,4,4,0,0,1
19,1,131,3,11,2,2,0,0,1
19,1,132,4,10,2,2,0,0,1
19,1,133,1,12,1,1,0,0,1
19,1,134,2,7,3,3,0,0,1
19,1,135,1,8,2,2,0,0,1
19,1,136,1,10,1,1,0,0,1
19,1,137,3,4,3,3,0,0,1
19,1,138,4,15,4,4,0,0,1
19,1,139,4,3,1,1,0,0,1
19,1,140,4,5,1,1,0,0,1
19,1,141,3,10,2,2,0,0,1
19,1,142,2,9,2,2,0,0,1
19,1,143,2,3,4,4,0,0,1
19,1,144,4,7,4,4,0,0,1
19,1,145,1,7,1,1,0,0,1
19,1,146,4,7,1,1,0,0,1
19,1,147,2,5,3,3,0,0,1
19,1,148,1,9,2,2,0,0,1
19,1,149,1,14,2,2,0,0,1
19,1,150,3,5,4,4,0,0,1
19,1,151,1,12,4,4,0,0,1
19,1,152,1,8,3,3,0,0,1
19,1,153,4,10,4,4,0,0,1
19,1,154,1,14,2,2,0,0,1
19,1,155,1,7,1,1,0,0,1
19,1,156,1,4,3,3,3,0,1
19,1,157,4,9,2,2,4,1,1
19,1,158,4,7,1,1,4,1,1
19,1,159,1,2,3,3,1,1,1
19,1,160,2,6,4,4,2,1,1
20,1,1,2,5,4,4,0,0,1
20,1,2,2,5,2,2,0,0,1
20,1,3,1,8,2,2,0,0,1
20,1,4,3,8,1,1,0,0,1
20,1,5,2,1,4,4,0,0,1
20,1,6,2,2,2,2,0,0,1
20,1,7,2,9,2,2,0,0,1
20,1,8,4,8,3,3,0,0,1
20,1,9,4,11,1,1,0,0,1
20,1,10,1,12,4,4,0,0,1
20,1,11,1,11,4,4,0,0,1
20,1,12,2,7,1,1,0,0,1
20,1,13,1,15,3,3,0,0,1
20,1,14,4,11,3,3,0,0,1
20,1,15,1,12,3,3,0,0,1
20,1,16,2,12,3,3,0,0,1
20,1,17,2,15,2,2,0,0,1
20,1,18,2,15,4,4,0,0,1
20,1,19,3,1,2,2,0,0,1
20,1,20,3,8,3,3,0,0,1
20,1,21,4,3,3,3,0,0,1
20,1,22,4,11,4,4,0,0,1
20,1,23,1,1,1,1,0,0,1
20,1,24,1,10,4,4,0,0,1
20,1,25,1,10,4,4,0,0,1
20,1,26,4,5,2,2,0,0,1
20,1,27,1,14,3,3,0,0,1
20,1,28,3,3,4,4,0,0,1
20,1,29,2,12,4,4,0,0,1
20,1,30,2,10,4,4,0,0,1
20,1,31,3,11,4,4,0,0,1
20,1,32,3,4,3,3,0,0,1
20,1,33,3,4,3,3,0,0,1
20,1,34,4,1,4,4,0,0,1
20,1,35,1,4,3,3,0,0,1
20,1,36,4,2,4,4,0,0,1
20,1,37,3,11,2,2,0,0,1
20,1,38,3,8,1,1,0,0,1
20,1,39,1,9,3,3,0,0,1
20,1,40,2,10,1,1,0,0,1
20,1,41,1,3,3,3,0,0,1
20,1,42,2,3,4,4,0,0,1
20,1,43,2,1,4,4,0,0,1
20,1,44,3,11,3,3,0,0,1
20,1,45,2,6,2,2,0,0,1
20,1,46,2,11,4,4,0,0,1
20,1,47,3,5,4,4,0,0,1
20,1,48,2,14,3,3,0,0,1
20,1,49,4,2,3,3,0,0,1
20,1,50,1,14,3,3,0,0,1
20,1,51,3,14,4,4,0,0,1
20,1,52,4,13,4,4,0,0,1
20,1,53,3,6,3,3,0,0,1
20,1,54,1,13,2,2,0,0,1
20,1,55,3,3,1,1,0,0,1
20,1,56,3,6,1,1,0,0,1
20,1,57,3,7,4,4,0,0,1
20,1,58,2,13,1,1,0,0,1
20,1,59,2,1,2,2,0,0,1
20,1,60,1,10,2,2,0,0,1
20,1,61,4,2,4,4,0,0,1
20,1,62,3,13,2,2,0,0,1
20,1,63,2,14,4,4,0,0,1
20,1,64,3,1,2,2,0,0,1
20,1,65,3,14,1,1,0,0,1
20,1,66,1,14,3,3,0,0,1
20,1,67,4,2,3,3,0,0,1
20,1,68,2,14,4,4,0,0,1
20,1,69,4,10,2,2,0,0,1
20,1,70,3,7,3,3,0,0,1
20,1,71,2,13,2,2,0,0,1
20,1,72,3,6,3,3,0,0,1
20,1,73,3,7,3,3,0,0,1
20,1,74,1,3,3,3,0,0,1
20,1,75,3,11,4,4,0,0,1
20,1,76,1,10,3,3,0,0,1
20,1,77,1,12,1,1,0,0,1
20,1,78,2,2,3,3,0,0,1
20,1,79,4,1,4,4,0,0,1
20,1,80,3,11,2,2,0,0,1
20,1,81,2,4,2,2,0,0,1
20,1,82,4,6,4,4,0,0,1
20,1,83,3,8,2,2,0,0,1
20,1,84,4,4,3,3,0,0,1
20,1,85,2,11,2,2,0,0,1
20,1,86,4,6,4,4,0,0,1
20,1,87,1,9,3,3,0,0,1
20,1,88,4,8,4,4,0,0,1
20,1,89,3,6,4,4,0,0,1
20,1,90,1,5,1,1,0,0,1
20,1,91,1,11,4,4,0,0,1
20,1,92,4,6,2,2,0,0,1
20,1,93,2,4,2,2,0,0,1
20,1,94,4,10,2,2,0,0,1
20,1,95,4,13,2,2,0,0,1
20,1,96,1,14,2,2,0,0,1
20,1,97,1,6,2,2,0,0,1
20,1,98,3,3,1,1,0,0,1
20,1,99,3,1,2,2,0,0,1
20,1,100,1,7,2,2,0,0,1
20,1,101,3,5,2,2,0,0,1
20,1,102,3,4,3,3,0,0,1
20,1,103,4,13,3,3,0,0,1
20,1,104,1,7,4,4,0,0,1
20,1,105,4,1,3,3,0,0,1
20,1,106,1,1,1,1,0,0,1
20,1,107,1,5,3,3,0,0,1
20,1,108,1,6,2,2,0,0,1
20,1,109,2,4,3,3,0,0,1
20,1,110,4,15,1,1,0,0,1
20,1,111,3,11,3,3,0,0,1
20,1,112,3,5,4,4,0,0,1
20,1,113,3,1,1,1,0,0,1
20,1,114,3,3,3,3,0,0,1
20,1,115,1,2,1,1,0,0,1
20,1,116,4,13,1,1,0,0,1
20,1,117,3,3,2,2,0,0,1
20,1,118,4,9,1,1,0,0,1
20,1,119,4,8,3,3,0,0,1
20,1,120,1,9,1,1,0,0,1
20,1,121,1,1,3,3,0,0,1
20,1,122,4,4,1,1,0,0,1
20,1,123,2,5,3,3,0,0,1
20,1,124,2,1,4,4,0,0,1
20,1,125,2,2,2,2,0,0,1
20,1,126,4,7,1,1,0,0,1
20,1,127,4,12,4,4,0,0,1
20,1,128,2,5,1,1,0,0,1
20,1,129,3,1,3,3,0,0,1
20,1,130,3,5,3,3,0,0,1
20,1,131,4,8,3,3,0,0,1
20,1,132,2,9,2,2,0,0,1
20,1,133,2,11,3,3,0,0,1
20,1,134,3,1,4,4,0,0,1
20,1,135,2,13,1,1,0,0,1
20,1,136,4,12,4,4,0,0,1
20,1,137,1,12,4,4,0,0,1
20,1,138,1,4,3,3,0,0,1
20,1,139,4,6,1,1,0,0,1
20,1,140,4,7,3,3,0,0,1
20,1,141,1,13,2,2,0,0,1
20,1,142,1,6,3,3,0,0,1
20,1,143,2,15,2,2,0,0,1
20,1,144,2,2,2,2,0,0,1
20,1,145,1,5,1,1,0,0,1
20,1,146,4,9,3,3,0,0,1
20,1,147,3,7,2,2,0,0,1
20,1,148,4,4,3,3,0,0,1
20,1,149,1,14,2,2,0,0,1
20,1,150,4,1,4,4,0,0,1
20,1,151,2,12,1,1,0,0,1
20,1,152,2,1,3,3,0,0,1
20,1,153,2,12,1,1,0,0,1
20,1,154,4,14,2,2,0,0,1
20,1,155,2,3,2,2,0,0,1
20,1,156,4,1,4,4,4,1,1
20,1,157,1,12,3,3,1,1,1
20,1,158,4,1,1,1,4,1,1
20,1,159,1,10,3,3,1,1,1
20,1,160,3,15,4,4,3,1,1
21,1,1,3,6,3,3,0,0,1
21,1,2,1,7,1,1,0,0,1
21,1,3,3,3,4,4,0,0,1
21,1,4,3,9,3,3,0,0,1
21,1,5,2,6,2,2,0,0,1
21,1,6,1,3,1,1,0,0,1
21,1,7,2,1,2,2,0,0,1
21,1,8,4,7,2,2,0,0,1
21,1,9,3,5,2,2,0,0,1
21,1,10,1,4,3,3,0,0,1
21,1,11,3,13,3,3,0,0,1
21,1,12,1,7,4,4,0,0,1
21,1,13,3,1,3,3,0,0,1
21,1,14,4,1,1,1,0,0,1
21,1,15,3,5,3,3,0,0,1
21,1,16,1,6,2,2,0,0,1
21,1,17,1,4,3,3,0,0,1
21,1,18,2,15,1,1,0,0,1
21,1,19,1,11,3,3,0,0,1
21,1,20,4,5,4,4,0,0,1
21,1,21,3,1,1,1,0,0,1
21,1,22,2,3,3,3,0,0,1
21,1,23,3,2,1,1,0,0,1
21,1,24,1,13,1,1,0,0,1
21,1,25,4,3,2,2,0,0,1
21,1,26,1,9,1,1,0,0,1
21,1,27,3,8,3,3,0,0,1
21,1,28,4,9,1,1,0,0,1
21,1,29,4,1,3,3,0,0,1
21,1,30,3,4,1,1,0,0,1
21,1,31,2,5,3,3,0,0,1
21,1,32,4,1,4,4,0,0,1
21,1,33,3,2,2,2,0,0,1
21,1,34,3,7,1,1,0,0,1
21,1,35,2,12,4,4,0,0,1
21,1,36,3,5,1,1,0,0,1
21,1,37,3,1,3,3,0,0,1
21,1,38,4,5,3,3,0,0,1
21,1,39,1,8,3,3,0,0,1
21,1,40,4,9,2,2,0,0,1
21,1,41,4,11,3,3,0,0,1
21,1,42,1,1,4,4,0,0,1
21,1,43,1,13,1,1,0,0,1
21,1,44,3,12,4,4,0,0,1
21,1,45,1,12,4,4,0,0,1
21,1,46,4,4,3,3,0,0,1
21,1,47,1,6,1,1,0,0,1
21,1,48,4,7,3,3,0,0,1
21,1,49,3,13,2,2,0,0,1
21,1,50,3,6,3,3,0,0,1
21,1,51,4,15,2,2,0,0,1
21,1,52,4,2,2,2,0,0,1
21,1,53,4,5,1,1,0,0,1
21,1,54,2,9,3,2,0,0,0
21,1,55,2,7,2,2,0,0,1
21,1,56,2,4,3,3,0,0,1
21,1,57,4,14,2,2,0,0,1
21,1,58,2,1,4,4,0,0,1
21,1,59,1,12,1,1,0,0,1
21,1,60,4,1,3,3,0,0,1
21,1,61,1,12,1,1,0,0,1
21,1,62,2,14,2,2,0,0,1
21,1,63,1,3,2,2,0,0,1
21,1,64,2,1,4,4,0,0,1
21,1,65,3,12,3,3,0,0,1
21,1,66,2,1,1,1,0,0,1
21,1,67,2,10,3,3,0,0,1
21,1,68,4,15,4,4,0,0,1
21,1,69,3,10,1,1,0,0,1
21,1,70,2,9,2,2,0,0,1
21,1,71,2,7,4,4,0,0,1
21,1,72,2,3,3,3,0,0,1
21,1,73,4,6,1,1,0,0,1
21,1,74,1,3,2,2,0,0,1
21,1,75,2,6,1,1,0,0,1
21,1,76,1,4,4,4,0,0,1
21,1,77,2,15,4,4,0,0,1
21,1,78,3,12,4,4,0,0,1
21,1,79,1,10,1,1,0,0,1
21,1,80,1,8,1,1,0,0,1
21,1,81,3,4,4,4,0,0,1
21,1,82,4,12,4,4,0,0,1
21,1,83,4,8,2,2,0,0,1
21,1,84,2,13,1,1,0,0,1
21,1,85,3,11,4,4,0,0,1
21,1,86,4,14,1,1,0,0,1
21,1,87,2,3,1,1,0,0,1
21,1,88,1,10,4,4,0,0,1
21,1,89,3,15,2,2,0,0,1
21,1,90,3,15,4,4,0,0,1
21,1,91,1,14,1,1,0,0,1
21,1,92,4,9,4,4,0,0,1
21,1,93,4,8,1,1,0,0,1
21,1,94,2,9,4,4,0,0,1
21,1,95,2,11,4,4,0,0,1
21,1,96,2,1,4,4,0,0,1
21,1,97,2,8,3,3,0,0,1
21,1,98,1,14,4,4,0,0,1
21,1,99,3,8,4,4,0,0,1
21,1,100,4,14,4,4,0,0,1
21,1,101,3,2,3,3,0,0,1
21,1,102,2,2,4,4,0,0,1
21,1,103,1,8,4,4,0,0,1
21,1,104,3,1,4,4,0,0,1
21,1,105,2,2,3,3,0,0,1
21,1,106,1,6,2,2,0,0,1
21,1,107,2,4,2,2,0,0,1
21,1,108,1,1,2,2,0,0,1
21,1,109,2,14,2,2,0,0,1
21,1,110,4,4,3,3,0,0,1
21,1,111,4,15,1,1,0,0,1
21,1,112,2,9,1,1,0,0,1
21,1,113,1,3,1,1,0,0,1
21,1,114,3,6,1,1,0,0,1
21,1,115,1,6,1,1,0,0,1
21,1,116,2,8,2,2,0,0,1
21,1,117,3,3,4,4,0,0,1
21,1,118,4,2,2,2,0,0,1
21,1,119,1,3,2,2,0,0,1
21,1,120,2,10,1,1,0,0,1
21,1,121,4,8,1,1,0,0,1
21,1,122,4,2,4,4,0,0,1
21,1,123,4,13,3,3,0,0,1
21,1,124,3,11,3,3,0,0,1
21,1,125,4,1,4,4,0,0,1
21,1,126,4,6,1,1,0,0,1
21,1,127,2,6,2,2,0,0,1
21,1,128,4,10,1,1,0,0,1
21,1,129,4,6,3,3,0,0,1
21,1,130,2,1,3,3,0,0,1
21,1,131,4,7,3,3,0,0,1
21,1,132,1,6,4,4,0,0,1
21,1,133,1,3,2,2,0,0,1
21,1,134,2,8,2,2,0,0,1
21,1,135,4,8,2,2,0,0,1
21,1,136,4,6,2,2,0,0,1
21,1,137,1,6,1,1,0,0,1
21,1,138,1,10,3,3,0,0,1
21,1,139,2,14,1,1,0,0,1
21,1,140,1,3,4,4,0,0,1
21,1,141,2,10,4,4,0,0,1
21,1,142,4,11,3,3,0,0,1
21,1,143,3,15,2,2,0,0,1
21,1,144,3,6,2,2,0,0,1
21,1,145,1,1,1,1,0,0,1
21,1,146,3,15,2,2,0,0,1
21,1,147,3,3,1,2,0,0,0
21,1,148,4,3,1,1,0,0,1
21,1,149,3,8,2,2,0,0,1
21,1,150,2,2,3,3,0,0,1
21,1,151,1,2,1,1,0,0,1
21,1,152,3,3,1,1,0,0,1
21,1,153,2,6,1,1,0,0,1
21,1,154,1,1,2,2,0,0,1
21,1,155,1,7,3,3,0,0,1
21,1,156,3,2,4,2,1,0,0
21,1,157,3,10,2,2,3,1,1
21,1,158,3,4,1,1,3,1,1
21,1,159,2,3,4,4,2,1,1
21,1,160,1,9,3,3,1,1,1
22,1,1,3,14,3,3,0,0,1
22,1,2,2,9,1,1,0,0,1
22,1,3,1,11,1,1,0,0,1
22,1,4,4,3,2,2,0,0,1
22,1,5,4,2,1,1,0,0,1
22,1,6,2,13,1,1,0,0,1
22,1,7,4,4,2,2,0,0,1
22,1,8,1,12,4,4,0,0,1
22,1,9,3,10,4,4,0,0,1
22,1,10,3,11,4,4,0,0,1
22,1,11,1,4,3,3,0,0,1
22,1,12,1,4,3,3,0,0,1
22,1,13,2,1,4,4,0,0,1
22,1,14,1,4,3,3,0,0,1
22,1,15,4,2,4,4,0,0,1
22,1,16,2,11,2,2,0,0,1
22,1,17,2,8,1,1,0,0,1
22,1,18,4,9,3,3,0,0,1
22,1,19,4,10,1,1,0,0,1
22,1,20,2,3,3,3,0,0,1
22,1,21,1,3,4,4,0,0,1
22,1,22,3,1,4,4,0,0,1
22,1,23,3,11,3,3,0,0,1
22,1,24,4,6,2,2,0,0,1
22,1,25,3,11,4,4,0,0,1
22,1,26,2,5,4,4,0,0,1
22,1,27,1,14,3,3,0,0,1
22,1,28,4,2,3,3,0,0,1
22,1,29,3,14,3,3,0,0,1
22,1,30,3,14,4,4,0,0,1
22,1,31,4,13,4,4,0,0,1
22,1,32,1,6,3,3,0,0,1
22,1,33,4,13,2,2,0,0,1
22,1,34,4,3,1,1,0,0,1
22,1,35,4,6,1,1,0,0,1
22,1,36,3,7,4,4,0,0,1
22,1,37,3,13,1,1,0,0,1
22,1,38,4,1,2,2,0,0,1
22,1,39,3,10,2,2,0,0,1
22,1,40,2,2,4,4,0,0,1
22,1,41,1,13,2,2,0,0,1
22,1,42,3,14,4,4,0,0,1
22,1,43,2,1,2,2,0,0,1
22,1,44,1,14,1,1,0,0,1
22,1,45,3,14,3,3,0,0,1
22,1,46,1,2,3,3,0,0,1
22,1,47,3,14,4,4,0,0,1
22,1,48,1,10,2,2,0,0,1
22,1,49,2,7,3,3,0,0,1
22,1,50,4,13,2,2,0,0,1
22,1,51,1,6,3,3,0,0,1
22,1,52,4,7,3,3,0,0,1
22,1,53,3,3,3,3,0,0,1
22,1,54,4,11,4,4,0,0,1
22,1,55,4,10,3,3,0,0,1
22,1,56,2,12,1,1,0,0,1
22,1,57,4,2,3,2,0,0,0
22,1,58,1,1,4,4,0,0,1
22,1,59,2,11,2,2,0,0,1
22,1,60,4,4,2,2,0,0,1
22,1,61,4,6,4,4,0,0,1
22,1,62,3,8,2,2,0,0,1
22,1,63,4,4,3,3,0,0,1
22,1,64,1,11,2,2,0,0,1
22,1,65,3,6,4,4,0,0,1
22,1,66,3,9,3,3,0,0,1
22,1,67,3,8,4,4,0,0,1
22,1,68,1,6,4,4,0,0,1
22,1,69,1,5,1,1,0,0,1
22,1,70,3,11,4,4,0,0,1
22,1,71,2,6,2,2,0,0,1
22,1,72,3,4,2,2,0,0,1
22,1,73,3,10,2,2,0,0,1
22,1,74,4,13,2,2,0,0,1
22,1,75,2,14,2,2,0,0,1
22,1,76,1,6,2,2,0,0,1
22,1,77,1,3,1,1,0,0,1
22,1,78,1,1,2,2,0,0,1
22,1,79,4,7,2,2,0,0,1
22,1,80,3,5,2,2,0,0,1
22,1,81,2,4,3,3,0,0,1
22,1,82,2,13,3,3,0,0,1
22,1,83,2,7,4,4,0,0,1
22,1,84,3,1,3,3,0,0,1
22,1,85,4,1,1,1,0,0,1
22,1,86,3,5,3,3,0,0,1
22,1,87,1,6,2,2,0,0,1
22,1,88,3,4,3,3,0,0,1
22,1,89,4,15,1,1,0,0,1
22,1,90,1,11,3,3,0,0,1
22,1,91,3,5,4,4,0,0,1
22,1,92,3,1,1,1,0,0,1
22,1,93,1,3,3,3,0,0,1
22,1,94,3,2,1,1,0,0,1
22,1,95,3,13,1,1,0,0,1
22,1,96,3,3,2,2,0,0,1
22,1,97,4,9,1,1,0,0,1
22,1,98,2,8,3,3,0,0,1
22,1,99,4,9,1,1,0,0,1
22,1,100,2,1,3,3,0,0,1
22,1,101,2,4,1,1,0,0,1
22,1,102,2,5,3,3,0,0,1
22,1,103,1,1,4,4,0,0,1
22,1,104,1,2,2,2,0,0,1
22,1,105,4,7,1,1,0,0,1
22,1,106,2,12,4,4,0,0,1
22,1,107,4,5,1,1,0,0,1
22,1,108,4,1,3,3,0,0,1
22,1,109,2,5,3,3,0,0,1
22,1,110,1,8,3,3,0,0,1
22,1,111,2,9,2,2,0,0,1
22,1,112,2,11,3,3,0,0,1
22,1,113,1,1,4,4,0,0,1
22,1,114,3,13,1,1,0,0,1
22,1,115,1,12,4,4,0,0,1
22,1,116,4,12,4,4,0,0,1
22,1,117,3,4,3,3,0,0,1
22,1,118,4,6,1,1,0,0,1
22,1,119,4,7,3,3,0,0,1
22,1,120,1,13,2,2,0,0,1
22,1,121,4,6,3,3,0,0,1
22,1,122,1,15,2,2,0,0,1
22,1,123,3,2,2,2,0,0,1
22,1,124,1,5,1,1,0,0,1
22,1,125,2,9,3,3,0,0,1
22,1,126,1,7,2,2,0,0,1
22,1,127,3,4,3,3,0,0,1
22,1,128,3,14,2,2,0,0,1
22,1,129,2,1,4,4,0,0,1
22,1,130,2,12,1,1,0,0,1
22,1,131,2,1,3,3,0,0,1
22,1,132,1,12,1,1,0,0,1
22,1,133,2,14,2,2,0,0,1
22,1,134,4,3,2,2,0,0,1
22,1,135,3,1,4,4,0,0,1
22,1,136,2,12,3,3,0,0,1
22,1,137,3,1,1,1,0,0,1
22,1,138,2,10,3,3,0,0,1
22,1,139,2,15,4,4,0,0,1
22,1,140,1,10,1,1,0,0,1
22,1,141,3,9,2,2,0,0,1
22,1,142,4,7,4,4,0,0,1
22,1,143,2,3,3,3,0,0,1
22,1,144,1,6,1,1,0,0,1
22,1,145,3,3,2,2,0,0,1
22,1,146,4,6,1,1,0,0,1
22,1,147,2,4,4,4,0,0,1
22,1,148,1,15,4,4,0,0,1
22,1,149,1,12,4,4,0,0,1
22,1,150,1,10,1,1,0,0,1
22,1,151,1,8,1,1,0,0,1
22,1,152,2,4,4,4,0,0,1
22,1,153,2,12,4,4,0,0,1
22,1,154,2,8,2,2,0,0,1
22,1,155,2,13,1,1,0,0,1
22,1,156,4,11,4,4,4,1,1
22,1,157,4,14,1,1,4,1,1
22,1,158,4,3,1,1,4,1,1
22,1,159,2,10,4,4,2,1,1
22,1,160,1,15,2,2,1,1,1
